dataset,realization,arch,seed,draw,ess,marg_unw,marg_ipw,focal_unw,focal_ipw,w_background,w_dos,w_nerisbotnet,w_scan11,w_scan44
ugr16,july_to_august,mlp,12345,0,59997.910660219764,0.9270833333333334,0.9271220021305525,0.9408495434696308,0.9408495434696309,1.0006003602161297,1.00080064051241,0.9924573243350535,0.9920634920634921,1.012555690562981
ugr16,july_to_august,mlp,12345,1,59998.68358848093,0.9289833333333334,0.9288727166972076,0.9432193318367886,0.9432193318367886,0.9995002498750625,0.9998666844420744,0.9903604912188037,1.008200026885334,1.0037473233404712
ugr16,july_to_august,mlp,12345,2,59996.67982198648,0.927,0.9271680045298004,0.9412634408602151,0.9412634408602151,1.0024057738572574,0.9941675503711559,1.0080645161290323,0.9830908375933936,1.0054967153773964
ugr16,july_to_august,mlp,12345,3,59995.95059919906,0.9292833333333334,0.9290584445185217,0.9452959830866807,0.9452959830866806,0.9994669509594883,0.9882724996705758,0.9910147991543341,1.01667344448963,1.0067114093959733
ugr16,july_to_august,mlp,12345,4,59997.618494184244,0.9266333333333333,0.9267875941624523,0.9405636436489916,0.9405636436489917,1.0048904669391037,0.9932459276916965,1.0017363429945239,0.986971969996052,0.998801438274071
ugr16,july_to_august,mlp,12345,5,59996.36077253295,0.9304833333333333,0.930370162235578,0.9488341105929381,0.9488341105929382,0.9953880354358141,0.9973404255319149,0.999333777481679,1.0024057738572574,1.0198531411476748
ugr16,july_to_august,mlp,12345,6,59994.486771691416,0.9273166666666667,0.9272883021844327,0.9455166075882894,0.9455166075882895,0.9976720984369805,1.0124190064794816,0.9846396218983852,0.9954871250331829,1.0175010175010175
ugr16,july_to_august,mlp,12345,7,59996.005276036805,0.92865,0.9285535020764636,0.9367473865290459,0.936747386529046,0.9973404255319149,0.996810207336523,0.9924573243350535,1.00080064051241,1.0211027910142956
ugr16,july_to_august,mlp,12345,8,59998.743531568536,0.92825,0.9282868065858946,0.9479097101642847,0.9479097101642847,0.9995002498750625,0.997473068227158,1.0017363429945239,0.9927200529450694,1.0102370689655171
ugr16,july_to_august,mlp,12345,9,59996.67929841024,0.9276,0.9278520401679407,0.9462236455831332,0.9462236455831332,1.0040160642570282,1.004823151125402,1.00080064051241,0.9815469179426777,0.997207818109294
ugr16,july_to_august,mlp,1337,0,59999.06258948444,0.92145,0.921438167474683,0.9313048099920276,0.9313048099920275,1.0026737967914439,0.9910147991543341,0.9965453095934095,1.0001333511134818,1.0017363429945239
ugr16,july_to_august,mlp,1337,1,59991.815339047134,0.92435,0.9244412977760158,0.9480706344015697,0.9480706344015697,1.0112245929821013,0.9902297332981251,0.9810333551340745,0.9952229299363058,0.9897070467141726
ugr16,july_to_august,mlp,1337,2,59998.95553849728,0.92615,0.9262749948296145,0.9448514719595045,0.9448514719595045,1.003948865537782,0.9965453095934095,0.999067536965499,0.993904055128545,0.9948269001193791
ugr16,july_to_august,mlp,1337,3,59988.94565866819,0.9222833333333333,0.9224985848558397,0.9417780201799837,0.9417780201799837,1.0054293183189222,0.9746588693957114,1.0226343059721843,0.9867122747006972,0.9957514604354754
ugr16,july_to_august,mlp,1337,4,59998.61115866826,0.9249,0.9250169698402407,0.9396125584502338,0.9396125584502337,0.99846901417826,1.0077936038699276,1.002004008016032,0.9910147991543341,1.0054967153773964
ugr16,july_to_august,mlp,1337,5,59999.00304609602,0.9212166666666667,0.9211264289770914,0.9406337745687926,0.9406337745687927,0.9983361064891847,1.0034787262510034,1.0028078620136383,1.0073875083948958,0.9931144067796611
ugr16,july_to_august,mlp,1337,6,59998.32805570678,0.9251166666666667,0.9250753024852216,0.9451818423148394,0.9451818423148395,1.0013016921998599,0.9903604912188037,0.9954871250331829,0.999067536965499,1.0101010101010102
ugr16,july_to_august,mlp,1337,7,59995.62738418629,0.9247333333333333,0.9248810376072608,0.9443246157994069,0.944324615799407,0.9995335510095289,0.9929829206937639,1.0110541925047183,0.984898227183191,1.0135135135135136
ugr16,july_to_august,mlp,1337,8,59997.61806759643,0.92455,0.9245196724043271,0.9446955596915714,0.9446955596915716,0.9991340837940452,0.9952229299363058,0.9970752459452275,0.9952229299363058,1.016260162601626
ugr16,july_to_august,mlp,1337,9,59997.30331800673,0.9245666666666666,0.924774904377091,0.946033024567056,0.9460330245670561,1.0018367006177993,1.0077936038699276,1.0068465565847766,0.9903604912188037,0.988012119615334
ugr16,july_to_august,mlp,2024,0,59998.084578035305,0.9254166666666667,0.9252462798576417,0.9398037655794219,0.9398037655794219,0.9965784141115502,1.0006671114076051,0.994431185361973,1.0087424344317417,1.0101010101010102
ugr16,july_to_august,mlp,2024,1,59991.88986769581,0.9257833333333333,0.926004958229976,0.9416038751345532,0.9416038751345532,0.9949588750331652,0.9986684420772303,1.0091496232508073,0.9864527160331448,1.0269752156647953
ugr16,july_to_august,mlp,2024,2,59995.510000404276,0.9235666666666666,0.9234936951677438,0.9412944637603637,0.9412944637603637,0.9933117012118403,1.0201305767138193,1.0029419630917358,1.0034787262510034,1.00080064051241
ugr16,july_to_august,mlp,2024,3,59999.11001990421,0.9243833333333333,0.9245054556360925,0.9408695652173913,0.9408695652173914,1.0022048506714771,1.00106780565937,1.0033444816053512,0.993904055128545,0.9929829206937639
ugr16,july_to_august,mlp,2024,4,59997.17522492293,0.9276333333333333,0.9275838466460293,0.9382975924220497,0.9382975924220499,1.0015691249624412,0.9931144067796611,0.9867122747006972,1.0026737967914439,1.0115996762881037
ugr16,july_to_august,mlp,2024,5,59995.09825657253,0.9260166666666667,0.9257443171897162,0.9421919958148052,0.9421919958148051,1.0025062656641603,0.992588671254632,0.9809050483913156,1.0139245640124375,1.0032102728731942
ugr16,july_to_august,mlp,2024,6,59995.62315499569,0.9256333333333333,0.9255959198046749,0.9431788079470199,0.9431788079470198,1.0074213371839216,0.9867122747006972,0.9933774834437087,1.0024057738572574,0.9884027411702688
ugr16,july_to_august,mlp,2024,7,59998.80487161658,0.92285,0.922756276818842,0.9405080213903744,0.9405080213903743,1.00106780565937,0.9887936717205009,1.0026737967914439,1.004553978033753,0.9998666844420744
ugr16,july_to_august,mlp,2024,8,59999.21859054242,0.9240666666666667,0.9242051504927828,0.9362869763083924,0.9362869763083924,1.001602564102564,0.9958836807860842,1.0038816758131441,0.9923260121725324,1.001602564102564
ugr16,july_to_august,mlp,2024,9,59995.03108339515,0.9257166666666666,0.9260198288331476,0.9435623749166111,0.9435623749166111,0.998003992015968,1.0057663939922221,1.0006671114076051,0.9836065573770493,1.0186065462447371
ugr16,july_to_august,mlp,3407,0,59996.31017213016,0.9309,0.9309943174381048,0.9449685534591195,0.9449685534591196,1.0025062656641603,1.0068465565847766,0.9827044025157232,0.9928514694201747,1.0080645161290323
ugr16,july_to_august,mlp,3407,1,59995.21512219234,0.9303,0.9300931632820622,0.9427521008403361,0.9427521008403361,1.0036465825833862,0.9884027411702688,0.9847689075630252,1.0146103896103895,0.9982696659124184
ugr16,july_to_august,mlp,3407,2,59993.7057161943,0.9259666666666667,0.9258440062454765,0.9386192754613807,0.9386192754613808,0.994431185361973,0.9957514604354754,1.0252904989747094,1.0069817400644467,0.9950908849674938
ugr16,july_to_august,mlp,3407,3,59997.82606822538,0.9284166666666667,0.9284919706068879,0.9488935721812434,0.9488935721812435,1.0046549010414922,1.0032102728731942,0.987881981032666,0.9954871250331829,0.9950908849674938
ugr16,july_to_august,mlp,3407,4,59997.911846230214,0.9276333333333333,0.9275554709910758,0.943530340924049,0.943530340924049,1.0012348563227982,0.9953550099535502,0.987231802027116,1.004823151125402,1.0079290417954576
ugr16,july_to_august,mlp,3407,5,59995.324960556354,0.9231833333333334,0.9230796426272113,0.9358904852263487,0.9358904852263488,0.9989677333422129,0.9820610187246301,1.0165356465166713,1.004419445560466,1.0017363429945239
ugr16,july_to_august,mlp,3407,6,59997.72883936241,0.9283833333333333,0.928462235956167,0.9354320160750167,0.9354320160750167,1.0013351134846462,0.9887936717205009,1.0046885465505693,0.9921947347532742,1.0092854259184498
ugr16,july_to_august,mlp,3407,7,59994.37115872405,0.9292833333333334,0.9293960824421765,0.9446041285602299,0.9446041285602299,1.0069141437873397,0.9950908849674938,0.9798798014110269,0.9912767644726408,1.0068465565847766
ugr16,july_to_august,mlp,3407,8,59997.14237930258,0.9273166666666667,0.9275880169587383,0.9367816091954023,0.9367816091954023,1.004217714400482,1.0022718161165307,1.0024057738572574,0.983477576711251,0.9953550099535502
ugr16,july_to_august,mlp,3407,9,59995.95834301017,0.9276,0.9274026575015916,0.9440785051754268,0.9440785051754268,0.9946619807035575,1.008471157724889,1.008200026885334,1.0143359480659995,0.9908838684106221
ugr16,july_to_august,mlp,42,0,59991.243915697356,0.9137833333333333,0.9131636289898293,0.9391527253103076,0.9391527253103077,0.9918339008827322,0.9906221106855104,1.0118726389638424,1.0255709011349652,1.0057663939922221
ugr16,july_to_august,mlp,42,1,59995.71970111303,0.9144833333333333,0.9144432535168174,0.9434464404524284,0.9434464404524285,0.9942993503910911,1.0208248264597795,0.998003992015968,1.001602564102564,1.0029419630917358
ugr16,july_to_august,mlp,42,2,59992.79443468726,0.91605,0.916339561118434,0.9440258342303552,0.9440258342303552,1.001669449081803,1.014061654948621,1.0091496232508073,0.9964129135113591,0.9746588693957114
ugr16,july_to_august,mlp,42,3,59995.54489489233,0.9126166666666666,0.9122125228320308,0.9375491996851221,0.9375491996851221,0.9994669509594883,0.9978712080894093,0.9839937024403044,1.0180534817429077,1.0028078620136383
ugr16,july_to_august,mlp,42,4,59995.04780792875,0.9145666666666666,0.9147220675062316,0.9474937177622008,0.9474937177622007,1.0017028949213664,0.9973404255319149,0.9919322840894061,0.9854158454867955,1.019160211985324
ugr16,july_to_august,mlp,42,5,59997.638676011346,0.9165166666666666,0.9164698748967167,0.9433606888201265,0.9433606888201265,1.001602564102564,0.9886633271816503,1.0090138571236378,1.0046885465505693,0.9915388683236384
ugr16,july_to_august,mlp,42,6,59996.36768058421,0.9127666666666666,0.9128025587846006,0.9443315725314912,0.9443315725314912,1.000566987959844,0.984898227183191,1.0158472165786265,0.998003992015968,0.9994669509594883
ugr16,july_to_august,mlp,42,7,59997.01670970616,0.91405,0.9138040327373309,0.9489176346356917,0.9489176346356918,0.9974067424695792,1.0002667377967458,0.9899683210137276,1.0046885465505693,1.0158472165786265
ugr16,july_to_august,mlp,42,8,59997.63191850953,0.9141166666666667,0.9144257237911836,0.9434343434343434,0.9434343434343434,1.0,1.0067114093959733,1.0101010101010102,0.9877518767285658,0.9957514604354754
ugr16,july_to_august,mlp,42,9,59996.47078257486,0.9133,0.9131162181192688,0.9440559440559441,0.9440559440559441,0.9975725734047153,1.00106780565937,0.9895764612745745,1.00106780565937,1.0184682237914178
ugr16,july_to_august,mlp,512,0,59996.41798556986,0.9045166666666666,0.9041953163286821,0.9422348484848485,0.9422348484848485,0.997042108411712,0.9886633271816503,1.0146103896103895,1.0101010101010102,0.9989344698987745
ugr16,july_to_august,mlp,512,1,59996.629297164036,0.9072666666666667,0.9075926306574972,0.9418511603094158,0.9418511603094157,1.0001333511134818,0.9977384594918186,1.0002667377967458,0.9860636339731791,1.0158472165786265
ugr16,july_to_august,mlp,512,2,59997.80269714794,0.9037666666666667,0.9037871161192217,0.9428991709013105,0.9428991709013105,1.0023387905111927,1.0005336179295625,1.0029419630917358,1.0032102728731942,0.984251968503937
ugr16,july_to_august,mlp,512,3,59992.615214901714,0.9057833333333334,0.9057891369514781,0.9419065223131766,0.9419065223131766,0.9967439696989833,1.0022718161165307,0.9902297332981251,0.9929829206937639,1.0285244103126714
ugr16,july_to_august,mlp,512,4,59997.09676311591,0.9066833333333333,0.9067173205594107,0.9403991013611736,0.9403991013611736,1.0026067776218168,1.0092854259184498,0.9911457645037665,1.003076100040123,0.9864527160331448
ugr16,july_to_august,mlp,512,5,59994.6959663037,0.90285,0.9023431810657326,0.9432155381710278,0.9432155381710278,0.9986684420772303,0.9846396218983852,1.0115996762881037,1.0168112798264641,0.9929829206937639
ugr16,july_to_august,mlp,512,6,59999.40529095219,0.9056833333333333,0.9054562485294073,0.9470955735743719,0.9470955735743719,0.9991673605328893,0.9964129135113591,0.9969427090256545,1.0064412238325282,1.0036130068245686
ugr16,july_to_august,mlp,512,7,59995.23398682739,0.9062166666666667,0.9064105642658794,0.9485294117647058,0.9485294117647058,0.9973735828983677,0.9976057462090983,1.0026737967914439,0.9889240506329113,1.0219375936776127
ugr16,july_to_august,mlp,512,8,59999.207991618394,0.9032,0.9034185841855139,0.941371534686298,0.9413715346862978,1.0018367006177993,1.0018701576275715,0.9948269001193791,0.9928514694201747,1.0032102728731942
ugr16,july_to_august,mlp,512,9,59999.60725795722,0.90485,0.9050653976841444,0.9434869739478958,0.9434869739478957,1.0008340283569641,1.002004008016032,1.002004008016032,0.9936406995230525,0.999067536965499
ugr16,july_to_august,mlp,6021,0,59998.80998540996,0.9233166666666667,0.9232625453503234,0.9444146079484426,0.9444146079484425,0.9963798199873791,1.0063061854286863,1.0069817400644467,1.0036130068245686,0.9977384594918186
ugr16,july_to_august,mlp,6021,1,59991.646143202044,0.9241333333333334,0.9246272369060597,0.9443192363780989,0.9443192363780988,1.0071507704703393,1.0133765707336846,0.9942993503910911,0.9765625,0.9882724996705758
ugr16,july_to_august,mlp,6021,2,59997.515878143786,0.92535,0.9251067641408682,0.9487556863794487,0.9487556863794488,0.9947939118612593,1.0026737967914439,1.0034787262510034,1.0143359480659995,1.0006671114076051
ugr16,july_to_august,mlp,6021,3,59994.14385416801,0.9220166666666667,0.9222351338194157,0.9423569023569024,0.9423569023569023,0.996710854181202,1.0219375936776127,1.0101010101010102,0.9912767644726408,0.9906221106855104
ugr16,july_to_august,mlp,6021,4,59997.830990490744,0.9226,0.9226995368818599,0.9409327809701992,0.9409327809701993,1.0049914575726107,0.9911457645037665,1.0022718161165307,0.9965453095934095,0.9903604912188037
ugr16,july_to_august,mlp,6021,5,59998.7106584854,0.9244,0.9245023045800892,0.939556031024338,0.939556031024338,1.0029754939654307,0.9911457645037665,1.0029419630917358,0.9931144067796611,1.00106780565937
ugr16,july_to_august,mlp,6021,6,59998.459147053516,0.9226666666666666,0.9226606554281656,0.9466102814853972,0.9466102814853973,1.004553978033753,0.9942993503910911,0.9911457645037665,0.9998666844420744,0.9966777408637874
ugr16,july_to_august,mlp,6021,7,59996.24404445554,0.9265833333333333,0.9268120775771688,0.9469338026262353,0.9469338026262353,1.0004668845461215,1.0052271813429834,1.0152971436307026,0.9889240506329113,0.9891849116328146
ugr16,july_to_august,mlp,6021,8,59993.79148616423,0.9249166666666667,0.9246040595730438,0.9394424436441243,0.9394424436441244,0.992621513416934,1.015709642470206,1.0004001600640255,1.0187449062754685,0.9954871250331829
ugr16,july_to_august,mlp,6021,9,59992.9267790374,0.9188333333333333,0.9190074130625417,0.9449216087252897,0.9449216087252897,1.0020709466230209,0.9937723598780973,1.0224948875255624,0.9954871250331829,0.9809050483913156
ugr16,july_to_august,mlp,7,0,59994.4460678254,0.9088166666666667,0.9093608700296145,0.9478955203681148,0.9478955203681148,1.0018701576275715,0.997473068227158,1.0150223304912709,0.9780907668231612,1.0026737967914439
ugr16,july_to_august,mlp,7,1,59997.57786720344,0.91035,0.9102408845371961,0.9514036016949152,0.9514036016949152,0.9995668543631093,0.9945630552977058,0.9931144067796611,0.9986684420772303,1.015709642470206
ugr16,july_to_august,mlp,7,2,59996.24808763788,0.9121666666666667,0.9117798841387097,0.941674381695543,0.9416743816955429,0.9947939118612593,1.008471157724889,0.9919322840894061,1.0148849797023005,1.0060362173038229
ugr16,july_to_august,mlp,7,3,59998.6404183,0.9124166666666667,0.9126467643119213,0.9354838709677419,0.935483870967742,1.004419445560466,0.9997334044254865,0.9956192751891677,0.9928514694201747,0.9942993503910911
ugr16,july_to_august,mlp,7,4,59999.06796684749,0.909,0.909186246958056,0.9347009922231161,0.9347009922231163,0.9989677333422129,1.0057663939922221,1.005631536604988,0.992588671254632,1.0002667377967458
ugr16,july_to_august,mlp,7,5,59999.0906263656,0.9144833333333333,0.9144489942641846,0.948239060832444,0.9482390608324439,0.9972409666589104,1.0037473233404712,1.0005336179295625,0.9982696659124184,1.008606777837547
ugr16,july_to_august,mlp,7,6,59996.804257174976,0.9164166666666667,0.9163917674194003,0.9500339443312966,0.9500339443312966,0.9976057462090983,0.9937723598780973,1.0183299389002036,1.0029419630917358,0.9949588750331652
ugr16,july_to_august,mlp,7,7,59998.790505211706,0.9125666666666666,0.9123526723275327,0.9439563365282215,0.9439563365282215,0.9963136395337252,1.002539767410774,0.998402555910543,1.0063061854286863,1.0076582023377672
ugr16,july_to_august,mlp,7,8,59999.16356194217,0.9100666666666667,0.9102101660689601,0.9406453326251494,0.9406453326251495,1.0036130068245686,0.996810207336523,0.9958836807860842,0.9945630552977058,0.998402555910543
ugr16,july_to_august,mlp,7,9,59997.32083042824,0.9114,0.9111407653415581,0.9456177402323126,0.9456177402323126,0.9983028850953379,1.0087424344317417,0.9899683210137276,1.0124190064794816,0.9960159362549801
ugr16,july_to_august,mlp,88,0,59994.932689357134,0.9231666666666667,0.9232998723153684,0.9387588459444747,0.9387588459444747,1.0002000400080016,0.9900990099009901,1.0206859009254219,0.9876218066894917,1.0014688209373748
ugr16,july_to_august,mlp,88,1,59992.31244934122,0.9199833333333334,0.9204519943110702,0.9474107861550846,0.9474107861550845,1.0023387905111927,1.0144731502772892,1.0061711832573115,0.9728888312362174,0.9981368112856002
ugr16,july_to_august,mlp,88,2,59999.578659539024,0.92205,0.9220228143563077,0.946576072475353,0.946576072475353,0.9980371935194118,1.0060362173038229,0.9992006394884093,1.0017363429945239,1.000934205258241
ugr16,july_to_august,mlp,88,3,59997.2404615756,0.9213333333333333,0.9213052514119368,0.9417857611118395,0.9417857611118394,1.0043858180722487,0.9978712080894093,0.9833486298675758,1.0021378941742383,0.9994669509594883
ugr16,july_to_august,mlp,88,4,59996.32561390504,0.9225833333333333,0.9225989332977202,0.9443323920935861,0.9443323920935862,0.9976389212197799,0.9941675503711559,1.008471157724889,0.9906221106855104,1.01667344448963
ugr16,july_to_august,mlp,88,5,59994.36726814872,0.9185833333333333,0.9186665093682232,0.9439166006861969,0.9439166006861969,1.005126143330988,1.0053619302949062,0.9897070467141726,1.006576298483425,0.9786012526096033
ugr16,july_to_august,mlp,88,6,59996.57408966082,0.92005,0.9199797021530798,0.9422294548413345,0.9422294548413345,0.9977052778609199,0.9889240506329113,1.017087062652563,1.004823151125402,0.998801438274071
ugr16,july_to_august,mlp,88,7,59997.01919393165,0.9217166666666666,0.9215084577427014,0.952650269630409,0.9526502696304089,1.0014353907267082,0.9970752459452275,0.9864527160331448,1.013787510137875,0.9973404255319149
ugr16,july_to_august,mlp,88,8,59994.30002591159,0.9240666666666667,0.9239781004568811,0.9424217907227616,0.9424217907227616,0.9945960282465272,0.9946949602122015,1.0113268608414239,0.9946949602122015,1.021659174499387
ugr16,july_to_august,mlp,88,9,59998.95256178988,0.9215,0.9215139855327688,0.9462698626447617,0.9462698626447617,0.9976389212197799,0.998801438274071,1.0099649878804202,0.997473068227158,1.0033444816053512
ugr16,july_to_august,mlp,91,0,59997.59773406184,0.9254166666666667,0.9252318775989503,0.9490783715687574,0.9490783715687574,1.0,0.9903604912188037,0.9945630552977058,1.014061654948621,1.0013351134846462
ugr16,july_to_august,mlp,91,1,59991.747940945934,0.92315,0.922752145999945,0.9422180801491147,0.9422180801491147,0.9965784141115502,0.9860636339731791,0.998535481294102,1.0296540362438222,1.0005336179295625
ugr16,july_to_august,mlp,91,2,59994.775246547426,0.9239,0.9238338111338129,0.9462804297565619,0.9462804297565618,0.9922603691208572,1.0059012875536482,1.0199918400652794,1.0053619302949062,1.0004001600640255
ugr16,july_to_august,mlp,91,3,59993.92744228314,0.9223666666666667,0.9224627613490257,0.9432831846624951,0.943283184662495,1.0014353907267082,1.0087424344317417,0.998535481294102,1.011736139214893,0.9760541384695471
ugr16,july_to_august,mlp,91,4,59999.46609662158,0.9221333333333334,0.9222114972205009,0.9453187516671112,0.9453187516671112,1.0026737967914439,0.9965453095934095,1.0002667377967458,0.9950908849674938,0.997473068227158
ugr16,july_to_august,mlp,91,5,59998.174845585905,0.9243333333333333,0.9244793802590668,0.9472207375734901,0.9472207375734901,1.001401962747847,1.0064412238325282,1.0021378941742383,0.9997334044254865,0.9863229879011046
ugr16,july_to_august,mlp,91,6,59999.05913324438,0.92325,0.9231473022685363,0.9369441125713527,0.9369441125713528,0.9993670675239016,0.9966777408637874,0.9956192751891677,1.0006671114076051,1.0096930533117934
ugr16,july_to_august,mlp,91,7,59999.15759630308,0.9236,0.923498471080997,0.9427537203378469,0.9427537203378469,0.9975062344139651,0.9958836807860842,1.0054967153773964,1.0054967153773964,1.0032102728731942
ugr16,july_to_august,mlp,91,8,59996.889150399365,0.9243333333333333,0.9243033989202138,0.9423634924821946,0.9423634924821948,1.0046549010414922,0.9885330170027679,0.9891849116328146,0.9961482268561562,1.0079290417954576
ugr16,july_to_august,mlp,91,9,59997.714849045515,0.9256333333333333,0.9255204480824615,0.9421661409043113,0.9421661409043113,0.9994003597841296,1.004419445560466,0.9858044164037855,1.0052271813429834,1.0072522159548751
ugr16,july_to_august,rf,12345,0,59996.77050518565,0.8513666666666667,0.8504492620885833,0.952101400933956,0.9521014009339559,0.9935748824269723,1.0111905082917623,1.0006671114076051,1.0115996762881037,1.0026737967914439
ugr16,july_to_august,rf,12345,1,59998.02696333568,0.8502666666666666,0.850746893576286,0.9526627218934911,0.9526627218934911,0.9972741174124061,1.005631536604988,1.008606777837547,0.9906221106855104,1.0063061854286863
ugr16,july_to_august,rf,12345,2,59997.500340204926,0.8502666666666666,0.8498767374297679,0.9471764388003242,0.9471764388003242,0.9954540929754123,0.9956192751891677,1.0132396649554174,1.0024057738572574,1.0072522159548751
ugr16,july_to_august,rf,12345,3,59997.456771455356,0.8478333333333333,0.8475692718749209,0.9438885884261763,0.9438885884261763,0.9955201592832256,1.0032102728731942,1.014061654948621,1.005631536604988,0.9953550099535502
ugr16,july_to_august,rf,12345,4,59997.62115110087,0.84955,0.8502582100760334,0.9536012948475856,0.9536012948475857,1.001903616872057,0.9976057462090983,1.0115996762881037,0.9953550099535502,0.9881422924901185
ugr16,july_to_august,rf,12345,5,59997.062187908574,0.8486,0.8486122028008429,0.9472355130249868,0.9472355130249869,1.0022048506714771,0.9874917709019092,0.996810207336523,0.9941675503711559,1.0131027961637173
ugr16,july_to_august,rf,12345,6,59997.89868383662,0.8500166666666666,0.8493446508859125,0.9519062373703354,0.9519062373703354,0.9953219866626855,0.9969427090256545,1.0103731644887513,1.0079290417954576,1.0037473233404712
ugr16,july_to_august,rf,12345,7,59995.466217467976,0.8468833333333333,0.8470073960751155,0.9409216226860969,0.9409216226860969,0.9997667210984104,1.0096930533117934,0.9846396218983852,0.9924573243350535,1.014747666080368
ugr16,july_to_august,rf,12345,8,59994.36859813999,0.8501666666666666,0.8487759179253462,0.9438686229640597,0.9438686229640598,0.9942004971002485,0.9873617693522908,1.0095571409341768,1.014747666080368,1.0122823592927521
ugr16,july_to_august,rf,12345,9,59995.130805060035,0.8483,0.847109092766229,0.9426880129153774,0.9426880129153773,0.9946290033817385,1.0004001600640255,1.0090138571236378,1.0201305767138193,0.992588671254632
ugr16,july_to_august,rf,1337,0,59997.65114669727,0.8501666666666666,0.8510743467822118,0.9453860640301318,0.9453860640301319,1.003378039399311,0.9929829206937639,1.0088781275221954,0.9889240506329113,0.9960159362549801
ugr16,july_to_august,rf,1337,1,59990.21043518587,0.8521833333333333,0.8506299332080062,0.9475670575549265,0.9475670575549265,0.9979707927214664,0.9827044025157232,1.0109179134654267,1.0273972602739725,0.9884027411702688
ugr16,july_to_august,rf,1337,2,59998.925666931435,0.8492666666666666,0.8486080921464758,0.9484824281150159,0.9484824281150162,0.9971415276208204,1.004150488686571,0.998402555910543,1.0095571409341768,0.9994669509594883
ugr16,july_to_august,rf,1337,3,59998.59865981829,0.8476333333333333,0.8483377905500257,0.9528213376223026,0.9528213376223027,0.9999666677777408,1.002539767410774,1.0052271813429834,0.9884027411702688,1.004150488686571
ugr16,july_to_august,rf,1337,4,59990.27729497904,0.8489,0.8488301183972589,0.9460777672402113,0.9460777672402113,1.0015356880550177,0.9711252104104622,1.016122476629183,0.9954871250331829,1.0124190064794816
ugr16,july_to_august,rf,1337,5,59997.27131515873,0.85095,0.8506168025675782,0.9538216560509554,0.9538216560509555,1.0015356880550177,0.986971969996052,0.9952229299363058,0.999333777481679,1.0126924115581961
ugr16,july_to_august,rf,1337,6,59997.258615388186,0.8484,0.8485504855917628,0.9504606756576311,0.9504606756576315,0.9977052778609199,1.00080064051241,1.0014688209373748,0.9910147991543341,1.016260162601626
ugr16,july_to_august,rf,1337,7,59997.355925974676,0.85015,0.849307474675397,0.9484453893170343,0.9484453893170343,0.9995668543631093,0.998402555910543,0.9965453095934095,1.016122476629183,0.9910147991543341
ugr16,july_to_august,rf,1337,8,59996.774688576625,0.8487666666666667,0.849532976563542,0.9494374586366645,0.9494374586366644,1.0050924685071025,0.9936406995230525,0.9927200529450694,0.9865824782951854,1.007116959849604
ugr16,july_to_august,rf,1337,9,59995.49809532046,0.8485833333333334,0.8487263803007761,0.9505857008213275,0.9505857008213277,0.9937394415184339,1.0095571409341768,1.0098290022889458,0.9921947347532742,1.014061654948621
ugr16,july_to_august,rf,2024,0,59997.13778173099,0.8498666666666667,0.8501621380466765,0.9536109646810754,0.9536109646810753,1.0050251256281406,0.9921947347532742,0.9884027411702688,0.9933774834437087,1.0063061854286863
ugr16,july_to_august,rf,2024,1,59996.86790952795,0.8501833333333333,0.849440730587629,0.9493044408774746,0.9493044408774747,1.0009676020152813,0.986971969996052,1.0032102728731942,1.0135135135135136,0.9928514694201747
ugr16,july_to_august,rf,2024,2,59999.67621743402,0.8474666666666667,0.8474360937688713,0.9411137756461497,0.9411137756461497,0.998535481294102,1.004150488686571,0.9992006394884093,0.9986684420772303,1.0038816758131441
ugr16,july_to_august,rf,2024,3,59997.50446768703,0.8486,0.8489032196716619,0.9461835620087918,0.9461835620087918,0.9986019572598361,1.0158472165786265,0.999067536965499,0.9997334044254865,0.9912767644726408
ugr16,july_to_august,rf,2024,4,59998.89370160851,0.85,0.8501137005158044,0.9452670544685352,0.9452670544685352,1.001669449081803,0.9996001599360256,0.9915388683236384,0.9956192751891677,1.0067114093959733
ugr16,july_to_august,rf,2024,5,59998.0747971564,0.8487333333333333,0.8495609322129222,0.951154052603328,0.951154052603328,1.001669449081803,1.0052271813429834,1.0064412238325282,0.9933774834437087,0.9885330170027679
ugr16,july_to_august,rf,2024,6,59997.15249469062,0.8477833333333333,0.8470205888351239,0.9463369722477969,0.9463369722477968,1.0014353907267082,0.9923260121725324,0.9864527160331448,1.007116959849604,1.0087424344317417
ugr16,july_to_august,rf,2024,7,59996.723445262076,0.84985,0.8499638147586481,0.948769128409847,0.9487691284098471,0.996049005611076,1.0121457489878543,0.998003992015968,0.9928514694201747,1.0132396649554174
ugr16,july_to_august,rf,2024,8,59998.739912741905,0.8502166666666666,0.8493995547092201,0.9503791406146069,0.9503791406146072,0.9972409666589104,1.0014688209373748,0.9977384594918186,1.0114632501685772,1.0005336179295625
ugr16,july_to_august,rf,2024,9,59994.42983489272,0.8494833333333334,0.8483642827250009,0.9461877420216317,0.9461877420216318,0.991768322919766,1.015572105619499,1.0014688209373748,1.0151597184623715,1.0014688209373748
ugr16,july_to_august,rf,3407,0,59992.31267103529,0.8458833333333333,0.846587066096595,0.9516532736134896,0.9516532736134897,1.0106795135262607,0.9904912836767036,0.988012119615334,0.9978712080894093,0.9819324430479184
ugr16,july_to_august,rf,3407,1,59997.4866216772,0.8510833333333333,0.851093820616748,0.9525581395348838,0.9525581395348838,0.99664462974652,1.0168112798264641,0.9966777408637874,0.9994669509594883,1.00080064051241
ugr16,july_to_august,rf,3407,2,59994.79019173266,0.8484333333333334,0.8478716312327499,0.9481973187556944,0.9481973187556944,1.0035794333121466,0.999067536965499,0.9761811792268645,1.005631536604988,1.0054967153773964
ugr16,july_to_august,rf,3407,3,59998.87515772743,0.8474,0.847707295519611,0.9500529941706413,0.9500529941706412,1.0035794333121466,0.9949588750331652,0.9936406995230525,0.9948269001193791,1.0024057738572574
ugr16,july_to_august,rf,3407,4,59996.95270372654,0.8478166666666667,0.8465971897966079,0.9464949548592672,0.9464949548592673,0.996710854181202,1.0018701576275715,0.9957514604354754,1.0184682237914178,0.997473068227158
ugr16,july_to_august,rf,3407,5,59996.674852470285,0.8514166666666667,0.8508353494912541,0.9502487562189055,0.9502487562189055,1.0010344022156228,1.0006671114076051,0.9819324430479184,1.0042849491162291,1.009421265141319
ugr16,july_to_august,rf,3407,6,59997.25101030707,0.8535666666666667,0.8532737574580824,0.9528251599147122,0.9528251599147122,0.9947279419078882,1.0109179134654267,0.9994669509594883,0.999333777481679,1.011736139214893
ugr16,july_to_august,rf,3407,7,59992.55829348331,0.85095,0.8522054065466507,0.9544717643880033,0.9544717643880032,0.9981368112856002,1.0213809069862454,1.0132396649554174,0.9891849116328146,0.9846396218983852
ugr16,july_to_august,rf,3407,8,59991.415185129794,0.84715,0.8476185232400842,0.950252835861692,0.950252835861692,0.994431185361973,0.9961482268561562,1.025010250102501,0.9871018689128719,1.0151597184623715
ugr16,july_to_august,rf,3407,9,59996.731861993634,0.8486333333333334,0.848381024253409,0.9470843754113466,0.9470843754113465,1.0035794333121466,0.9893153937475268,0.987231802027116,0.999333777481679,1.0102370689655171
ugr16,july_to_august,rf,42,0,59997.27340712126,0.8509,0.8505651618550043,0.9518391108758931,0.951839110875893,0.9976057462090983,1.0150223304912709,0.9923260121725324,1.006576298483425,0.9960159362549801
ugr16,july_to_august,rf,42,1,59995.49158654372,0.8510666666666666,0.8516917061049167,0.9512820512820512,0.9512820512820512,0.9998666844420744,1.0088781275221954,1.0121457489878543,0.999333777481679,0.9807767752059631
ugr16,july_to_august,rf,42,2,59998.017175613655,0.84855,0.8482814722410441,0.9464238234512098,0.9464238234512098,1.0015356880550177,1.0001333511134818,0.9970752459452275,1.009421265141319,0.9874917709019092
ugr16,july_to_august,rf,42,3,59996.78538851374,0.84945,0.8486122195074681,0.9471424738395492,0.9471424738395492,0.9996334677284996,0.984898227183191,1.0061711832573115,1.012555690562981,0.9982696659124184
ugr16,july_to_august,rf,42,4,59995.025384058645,0.8465333333333334,0.8481106401799606,0.9424140256237357,0.9424140256237358,1.0031767262999498,1.0063061854286863,1.0114632501685772,0.9839937024403044,0.9861932938856016
ugr16,july_to_august,rf,42,5,59995.3268503678,0.8486,0.848938781697328,0.949607764924877,0.949607764924877,1.0006003602161297,1.016122476629183,0.997207818109294,1.0033444816053512,0.9815469179426777
ugr16,july_to_august,rf,42,6,59998.237069792325,0.8466666666666667,0.8468524443353869,0.9507107745449714,0.9507107745449715,1.004755844329828,0.9919322840894061,0.9964129135113591,1.000934205258241,0.9919322840894061
ugr16,july_to_august,rf,42,7,59997.38381703734,0.8496833333333333,0.8497163526837428,0.9501508592417683,0.9501508592417683,1.0032773727509865,1.0054967153773964,0.9838646202282566,1.00106780565937,0.996810207336523
ugr16,july_to_august,rf,42,8,59997.8884365841,0.8509166666666667,0.8504833875805184,0.9452716297786721,0.9452716297786721,0.9971415276208204,0.9923260121725324,1.0060362173038229,1.000934205258241,1.0124190064794816
ugr16,july_to_august,rf,42,9,59999.11623925643,0.8481166666666666,0.8486682849281033,0.9498203114601358,0.9498203114601359,1.0034115994380894,0.9997334044254865,0.9982696659124184,0.9950908849674938,0.9933774834437087
ugr16,july_to_august,rf,512,0,59996.63131011945,0.84975,0.8493303103451627,0.9535825124814465,0.9535825124814465,0.9998333611064822,0.9876218066894917,1.0120091755498584,1.009421265141319,0.9920634920634921
ugr16,july_to_august,rf,512,1,59997.474318383625,0.8522666666666666,0.8521898294449223,0.9510187559033868,0.9510187559033868,0.9988346928583318,0.988012119615334,1.0120091755498584,0.998535481294102,1.0064412238325282
ugr16,july_to_august,rf,512,2,59995.57191207858,0.8477666666666667,0.849163405338018,0.9513747798997697,0.9513747798997696,1.00080064051241,1.004150488686571,1.0158472165786265,0.9830908375933936,0.9942993503910911
ugr16,july_to_august,rf,512,3,59996.798840477895,0.8509666666666666,0.8515213065105294,0.9488136496934151,0.9488136496934151,0.9994669509594883,1.017087062652563,0.9997334044254865,0.9970752459452275,0.9886633271816503
ugr16,july_to_august,rf,512,4,59995.55914024073,0.8511833333333333,0.8507688033386032,0.9491770901909151,0.949177090190915,0.9962143853357243,1.0168112798264641,0.9874917709019092,1.001602564102564,1.0098290022889458
ugr16,july_to_august,rf,512,5,59997.92936627017,0.8457333333333333,0.8451822886081706,0.9478609625668449,0.9478609625668448,0.9944971159583637,1.006576298483425,1.0026737967914439,1.0033444816053512,1.0096930533117934
ugr16,july_to_august,rf,512,6,59988.09849139749,0.8498666666666667,0.8480301041860865,0.9474166121648137,0.9474166121648135,0.9946949602122015,0.9977384594918186,0.9810333551340745,1.012965964343598,1.0310695628265054
ugr16,july_to_august,rf,512,7,59998.06970318528,0.84925,0.8493781574213198,0.9518895738407933,0.9518895738407933,0.9974399042457692,0.9998666844420744,1.0050924685071025,0.9929829206937639,1.012555690562981
ugr16,july_to_august,rf,512,8,59997.10839678773,0.85255,0.8521355865634093,0.9509711989283323,0.9509711989283322,1.0021378941742383,0.9854158454867955,1.0046885465505693,1.0088781275221954,0.9928514694201747
ugr16,july_to_august,rf,512,9,59998.33102836311,0.8486166666666667,0.8486283717895978,0.9520235861699277,0.9520235861699277,1.0011346192351331,0.9876218066894917,1.0050924685071025,0.997473068227158,1.0054967153773964
ugr16,july_to_august,rf,6021,0,59995.925792462534,0.84975,0.8495266277757776,0.9470588235294117,0.9470588235294116,1.0018367006177993,1.0029419630917358,0.9803921568627451,0.998535481294102,1.0113268608414239
ugr16,july_to_august,rf,6021,1,59999.62688769161,0.8458833333333333,0.8463590647932872,0.9452968645763843,0.9452968645763843,1.0015691249624412,1.0,1.0006671114076051,0.9937723598780973,0.999333777481679
ugr16,july_to_august,rf,6021,2,59997.481021663734,0.84965,0.8494866383739734,0.9486625236422589,0.9486625236422588,0.9994336542625846,0.9915388683236384,1.0132396649554174,1.0054967153773964,0.9923260121725324
ugr16,july_to_august,rf,6021,3,59999.62897531725,0.8501166666666666,0.8496876733277563,0.949468085106383,0.9494680851063828,0.9996001599360256,0.9986684420772303,0.9973404255319149,1.0063061854286863,0.999333777481679
ugr16,july_to_august,rf,6021,4,59998.79327834386,0.8465333333333334,0.8470503008848113,0.9499602859412232,0.9499602859412233,1.0022383322754151,1.0067114093959733,0.9928514694201747,0.9936406995230525,0.998003992015968
ugr16,july_to_august,rf,6021,5,59997.88533038516,0.8474166666666667,0.8477232158417867,0.9489149481062138,0.9489149481062138,0.996975839952145,1.001201441730076,1.0109179134654267,0.9921947347532742,1.0080645161290323
ugr16,july_to_august,rf,6021,6,59995.906446021756,0.84815,0.8481478778352326,0.9445560466050623,0.9445560466050622,1.0035122930255895,0.9921947347532742,1.004419445560466,1.0083355740790534,0.9815469179426777
ugr16,july_to_august,rf,6021,7,59997.579518411636,0.8488,0.8492935806118419,0.9508351293103449,0.9508351293103448,1.0017028949213664,0.9884027411702688,1.0102370689655171,0.9920634920634921,1.0028078620136383
ugr16,july_to_august,rf,6021,8,59998.282211280595,0.8482666666666666,0.8492098638421468,0.9516668898112197,0.9516668898112197,1.0018701576275715,1.0002667377967458,1.004150488686571,0.9861932938856016,1.0021378941742383
ugr16,july_to_august,rf,6021,9,59997.42149657643,0.8470666666666666,0.8471187444536302,0.9485496784354902,0.9485496784354903,1.0022383322754151,1.008606777837547,0.9843811523822024,1.0,0.998402555910543
ugr16,july_to_august,rf,7,0,59999.52495712745,0.8512333333333333,0.8507790557952429,0.9492453586216107,0.9492453586216107,0.9976057462090983,1.0004001600640255,1.0017363429945239,1.0059012875536482,1.001602564102564
ugr16,july_to_august,rf,7,1,59997.168543400236,0.8476333333333333,0.8483445705761131,0.9443246157994069,0.944324615799407,1.0005002501250624,0.993509074049543,1.0110541925047183,0.9871018689128719,1.0067114093959733
ugr16,july_to_august,rf,7,2,59998.23732021082,0.8507833333333333,0.8507691918345658,0.9508771929824561,0.950877192982456,0.9962143853357243,1.0001333511134818,1.0121457489878543,0.9978712080894093,1.0052271813429834
ugr16,july_to_august,rf,7,3,59994.2464506379,0.8474333333333334,0.8488209417520152,0.9476675036342012,0.9476675036342012,1.0026737967914439,1.016122476629183,0.9911457645037665,0.9802640177754541,1.002539767410774
ugr16,july_to_august,rf,7,4,59999.379521450894,0.8505333333333334,0.8506552379121077,0.9552139037433155,0.9552139037433155,0.9981700216270171,1.003076100040123,1.0026737967914439,0.9957514604354754,1.0059012875536482
ugr16,july_to_august,rf,7,5,59996.278999025795,0.8493,0.8488500448292688,0.9504187159377908,0.9504187159377907,0.9966777408637874,1.0158472165786265,0.9969427090256545,1.0103731644887513,0.9906221106855104
ugr16,july_to_august,rf,7,6,59997.921416709934,0.8478666666666667,0.8485551210625657,0.9447565543071161,0.9447565543071161,1.0035122930255895,0.9907529722589167,1.0032102728731942,0.9890544639324806,1.0032102728731942
ugr16,july_to_august,rf,7,7,59998.6771477266,0.8501166666666666,0.8499383233254418,0.9484880920524484,0.9484880920524486,1.0006671114076051,0.9973404255319149,1.0034787262510034,1.0069817400644467,0.9897070467141726
ugr16,july_to_august,rf,7,8,59996.81086416306,0.8482333333333333,0.8476078254438106,0.9384077461000538,0.9384077461000538,0.9994669509594883,0.9832197168327217,1.008606777837547,1.0072522159548751,1.0034787262510034
ugr16,july_to_august,rf,7,9,59994.66332844616,0.8498166666666667,0.8480529186100857,0.9476675036342012,0.9476675036342012,0.996810207336523,0.9936406995230525,0.9911457645037665,1.0230527895239394,1.005631536604988
ugr16,july_to_august,rf,88,0,59998.04216773235,0.8503833333333334,0.8506883073864192,0.9502268481451828,0.9502268481451829,0.9970089730807579,1.0121457489878543,1.00080064051241,0.9933774834437087,1.0059012875536482
ugr16,july_to_august,rf,88,1,59995.23296532216,0.85005,0.851089206843555,0.9480867005619481,0.9480867005619481,1.006947940791461,0.9846396218983852,1.0034787262510034,0.9863229879011046,0.998402555910543
ugr16,july_to_august,rf,88,2,59997.12279964784,0.8534333333333334,0.8531458454500647,0.9518478554086862,0.9518478554086862,0.9949258780220872,0.9981368112856002,1.0115996762881037,0.9989344698987745,1.0120091755498584
ugr16,july_to_august,rf,88,3,59998.63557764424,0.84655,0.8472818916055673,0.9483931190825443,0.9483931190825445,1.001001001001001,1.0036130068245686,1.0001333511134818,0.988012119615334,1.004419445560466
ugr16,july_to_august,rf,88,4,59996.15347822115,0.8512333333333333,0.8516069699968285,0.9508328855454057,0.9508328855454058,1.0017363429945239,1.0028078620136383,1.0075228371843095,1.0036130068245686,0.9796238244514107
ugr16,july_to_august,rf,88,5,59998.67845170948,0.8490833333333333,0.8489785996510675,0.9489823245848955,0.9489823245848955,0.9973404255319149,0.998801438274071,1.0042849491162291,0.996810207336523,1.0109179134654267
ugr16,july_to_august,rf,88,6,59992.84690589635,0.8482166666666666,0.8487053751153771,0.9470580351159362,0.9470580351159362,0.9935419771485345,1.026272577996716,1.0052271813429834,0.9915388683236384,1.0037473233404712
ugr16,july_to_august,rf,88,7,59997.49982194047,0.8468833333333333,0.8477507751282602,0.9449751109915243,0.9449751109915243,0.9996334677284996,1.0101010101010102,1.0090138571236378,0.9915388683236384,0.9911457645037665
ugr16,july_to_august,rf,88,8,59999.209199910576,0.84855,0.8485613809102895,0.9464069845533916,0.9464069845533916,1.000100010001,0.9953550099535502,1.0073875083948958,1.002004008016032,0.9949588750331652
ugr16,july_to_august,rf,88,9,59998.78282182763,0.84765,0.8475492497792048,0.9474316210807204,0.9474316210807204,1.0019705420660632,0.9884027411702688,1.0006671114076051,1.0,1.0032102728731942
ugr16,july_to_august,rf,91,0,59995.71609435032,0.8501166666666666,0.8500611727772309,0.9481571486431754,0.9481571486431755,1.0019370783514796,0.9876218066894917,1.012555690562981,1.0067114093959733,0.9859340081503878
ugr16,july_to_august,rf,91,1,59996.804477596525,0.8485166666666667,0.8479909802141439,0.9512097846317469,0.951209784631747,0.9972741174124061,1.012555690562981,0.9970752459452275,1.0115996762881037,0.9900990099009901
ugr16,july_to_august,rf,91,2,59999.8084178558,0.84975,0.8497792051011678,0.9508655126498002,0.9508655126498003,0.9991673605328893,1.0040160642570282,0.9986684420772303,0.998801438274071,1.0018701576275715
ugr16,july_to_august,rf,91,3,59998.04992670127,0.8481166666666666,0.8490514991971824,0.9494827354561333,0.9494827354561334,1.0026067776218168,0.9957514604354754,1.0076582023377672,0.9876218066894917,0.998801438274071
ugr16,july_to_august,rf,91,4,59998.37837646571,0.8515,0.8509439947605487,0.9556205155461068,0.9556205155461068,0.9966777408637874,1.0022718161165307,0.9965453095934095,1.0024057738572574,1.0122823592927521
ugr16,july_to_august,rf,91,5,59996.691958896394,0.8516166666666667,0.8514584541867763,0.9504474422332042,0.9504474422332042,1.0028749080698,0.9942993503910911,1.0017363429945239,1.0095571409341768,0.9833486298675758
ugr16,july_to_august,rf,91,6,59998.86086679411,0.8513833333333334,0.8507646565332626,0.9573757349011224,0.9573757349011224,0.9994669509594883,0.9918011108172441,1.0021378941742383,1.0088781275221954,0.9994669509594883
ugr16,july_to_august,rf,91,7,59997.482322136835,0.8508166666666667,0.8502279960894037,0.9537792994469317,0.953779299446932,0.9983028850953379,1.004419445560466,0.9876218066894917,1.0032102728731942,1.0118726389638424
ugr16,july_to_august,rf,91,8,59990.44275954278,0.8523166666666666,0.8504102550675411,0.9477236633139227,0.9477236633139225,0.9956192751891677,1.0046885465505693,0.992588671254632,1.0322047894302229,0.9893153937475268
ugr16,july_to_august,rf,91,9,59995.99498845887,0.8484666666666667,0.8492067434082492,0.9502311667119935,0.9502311667119935,0.9972409666589104,1.004823151125402,1.0198531411476748,0.9915388683236384,0.9953550099535502
ugr16,july_to_august,xgb,12345,0,59998.81138940576,0.8675833333333334,0.8673514035520444,0.9515336608684106,0.9515336608684106,0.9987349357480524,0.9977384594918186,0.9958836807860842,1.0001333511134818,1.0114632501685772
ugr16,july_to_august,xgb,12345,1,59995.53570765607,0.8638333333333333,0.8640276505574922,0.9443634918532255,0.9443634918532257,0.9960820771631582,1.0204081632653061,0.993509074049543,0.9948269001193791,1.0075228371843095
ugr16,july_to_august,xgb,12345,2,59997.96897351542,0.8660166666666667,0.8658072278280253,0.9496997998665777,0.9496997998665777,0.9952229299363058,1.0126924115581961,1.0006671114076051,1.0021378941742383,1.0038816758131441
ugr16,july_to_august,xgb,12345,3,59992.93786694106,0.8668666666666667,0.8678762313241434,0.9563722897937599,0.9563722897937599,1.0092514718250631,0.9847689075630252,0.9915388683236384,0.983477576711251,1.004150488686571
ugr16,july_to_august,xgb,12345,4,59996.753336651826,0.86535,0.8651057932270134,0.9512062889671998,0.9512062889671999,0.9981700216270171,0.992588671254632,1.0165356465166713,1.0061711832573115,0.9924573243350535
ugr16,july_to_august,xgb,12345,5,59998.67192499635,0.8669333333333333,0.8677084090290581,0.941325510068009,0.9413255100680092,1.0018032458425166,1.0037473233404712,1.0001333511134818,0.987881981032666,1.001201441730076
ugr16,july_to_august,xgb,12345,6,59998.58934761328,0.8654833333333334,0.8658084461259674,0.9510555331450854,0.9510555331450854,1.0011680293675955,0.999333777481679,1.008471157724889,0.998003992015968,0.9897070467141726
ugr16,july_to_august,xgb,12345,7,59998.894207516925,0.8672166666666666,0.8667868912527044,0.9506939854593522,0.9506939854593524,1.0015691249624412,0.9966777408637874,0.9914077990746861,1.007116959849604,0.9986684420772303
ugr16,july_to_august,xgb,12345,8,59998.79980946479,0.8658166666666667,0.8658406765738886,0.9466933867735471,0.9466933867735471,0.9981700216270171,1.0101010101010102,1.002004008016032,1.001602564102564,0.9937723598780973
ugr16,july_to_august,xgb,12345,9,59997.566030306036,0.8673666666666666,0.8669851466330715,0.9517845117845117,0.9517845117845116,0.9970752459452275,1.003076100040123,1.0101010101010102,1.0088781275221954,0.9899683210137276
ugr16,july_to_august,xgb,1337,0,59997.10555163982,0.8652333333333333,0.8644427399844484,0.9494656287109118,0.9494656287109117,1.0005336179295625,0.9899683210137276,0.9895764612745745,1.0092854259184498,1.009421265141319
ugr16,july_to_august,xgb,1337,1,59998.13817103639,0.8650166666666667,0.8649491696862236,0.9493854896260077,0.9493854896260079,1.0007004903432404,0.9966777408637874,0.9911457645037665,0.9973404255319149,1.0122823592927521
ugr16,july_to_august,xgb,1337,2,59992.22631064179,0.8647,0.8639526027706129,0.9519048905701162,0.9519048905701161,0.9888262632255512,1.0132396649554174,1.0132396649554174,1.008606777837547,1.0106454655706778
ugr16,july_to_august,xgb,1337,3,59998.017582310684,0.8672666666666666,0.8671332460121298,0.9471512247071352,0.9471512247071353,0.99664462974652,1.003076100040123,0.998402555910543,0.9978712080894093,1.0143359480659995
ugr16,july_to_august,xgb,1337,4,59993.766155689176,0.8660666666666667,0.8667680012588332,0.9460100079009744,0.9460100079009746,1.0055641214721458,1.014061654948621,0.9876218066894917,0.9949588750331652,0.9819324430479184
ugr16,july_to_august,xgb,1337,5,59996.83625967798,0.8672833333333333,0.8679325874815361,0.9484752891692955,0.9484752891692955,1.0046549010414922,1.0067114093959733,0.9858044164037855,0.9908838684106221,0.998402555910543
ugr16,july_to_august,xgb,1337,6,59996.21031526336,0.86545,0.8653644681921995,0.9535859446702504,0.9535859446702504,1.0060362173038229,0.9912767644726408,0.9833486298675758,1.001201441730076,1.0005336179295625
ugr16,july_to_august,xgb,1337,7,59998.502904001725,0.8644,0.8647065518148997,0.9510101677010432,0.9510101677010431,1.0036130068245686,0.9973404255319149,0.9903604912188037,0.9942993503910911,1.0037473233404712
ugr16,july_to_august,xgb,1337,8,59995.08955501669,0.8656333333333334,0.8646820809505473,0.9500860585197934,0.9500860585197933,0.9990009990009991,0.9850275807722615,0.9929829206937639,1.0098290022889458,1.0168112798264641
ugr16,july_to_august,xgb,1337,9,59998.972138174,0.8664333333333334,0.8666492433889894,0.9489891551747222,0.9489891551747222,1.002171371304493,0.9973404255319149,1.004150488686571,0.9996001599360256,0.9903604912188037
ugr16,july_to_august,xgb,2024,0,59995.21051013391,0.8625333333333334,0.863719101677053,0.9462540716612378,0.9462540716612377,1.001669449081803,0.9964129135113591,1.017915309446254,0.9832197168327217,0.9964129135113591
ugr16,july_to_august,xgb,2024,1,59997.44452925837,0.86745,0.8669965332588606,0.9507362784471218,0.9507362784471217,1.0007004903432404,0.9836065573770493,1.0040160642570282,1.0054967153773964,1.004419445560466
ugr16,july_to_august,xgb,2024,2,59998.29671840496,0.8670833333333333,0.8665115700050252,0.9517595887702649,0.9517595887702649,0.9991340837940452,1.004419445560466,0.9885330170027679,1.0080645161290323,1.0026737967914439
ugr16,july_to_august,xgb,2024,3,59995.620172291914,0.8668333333333333,0.8661033580342458,0.945554971067859,0.9455549710678591,1.0004335211925166,0.9899683210137276,0.9863229879011046,1.0067114093959733,1.0158472165786265
ugr16,july_to_august,xgb,2024,4,59994.37015855739,0.8639166666666667,0.8637953225566644,0.9513434032883304,0.9513434032883306,0.9945960282465272,1.023890784982935,1.002539767410774,1.0034787262510034,0.9924573243350535
ugr16,july_to_august,xgb,2024,5,59998.34731982121,0.8662833333333333,0.8662626149667912,0.9488353305506935,0.9488353305506935,0.9997334044254865,0.998402555910543,1.0098290022889458,1.0034787262510034,0.9895764612745745
ugr16,july_to_august,xgb,2024,6,59993.41020008508,0.8660166666666667,0.8651952616777573,0.9499008592200925,0.9499008592200926,1.0048568079048736,0.9891849116328146,0.9914077990746861,1.01763907734057,0.9832197168327217
ugr16,july_to_august,xgb,2024,7,59996.54866440251,0.8662333333333333,0.8670775451495409,0.952644769819285,0.952644769819285,1.006474989096521,1.0032102728731942,0.9893153937475268,0.9894459102902375,0.992588671254632
ugr16,july_to_august,xgb,2024,8,59997.37328926552,0.8668333333333333,0.8659040599132812,0.947305706341851,0.9473057063418509,1.000300090027008,0.9894459102902375,0.9929829206937639,1.0133765707336846,1.0033444816053512
ugr16,july_to_august,xgb,2024,9,59998.15118353457,0.8653333333333333,0.865773359642221,0.953336007487632,0.953336007487632,1.0036801605888257,0.998535481294102,1.0028078620136383,0.9973404255319149,0.9868421052631579
ugr16,july_to_august,xgb,3407,0,59997.251571162866,0.8658333333333333,0.8651362238568036,0.95028731792062,0.9502873179206202,0.9946949602122015,0.998535481294102,1.0022718161165307,1.0063061854286863,1.0144731502772892
ugr16,july_to_august,xgb,3407,1,59997.0655884872,0.8651833333333333,0.8657141417305181,0.9512195121951219,0.9512195121951219,0.9967770874173505,1.0132396649554174,1.0106454655706778,0.9927200529450694,0.9966777408637874
ugr16,july_to_august,xgb,3407,2,59997.40290654295,0.8655,0.865150682310208,0.9479307546659453,0.947930754665945,0.9969427090256545,0.9911457645037665,1.0143359480659995,1.004553978033753,1.002539767410774
ugr16,july_to_august,xgb,3407,3,59995.70535777284,0.86595,0.8662105399848552,0.9562559434859395,0.9562559434859395,0.9977384594918186,1.0040160642570282,1.0188833038989267,1.0002667377967458,0.9864527160331448
ugr16,july_to_august,xgb,3407,4,59997.59436080755,0.8654833333333334,0.8663188055707256,0.953125,0.953125,0.9995002498750625,1.0113268608414239,1.001602564102564,0.9865824782951854,1.0028078620136383
ugr16,july_to_august,xgb,3407,5,59996.55687647031,0.8653833333333333,0.8644278436488001,0.9472770955686065,0.9472770955686064,0.9999333377774815,0.9846396218983852,1.00106780565937,1.0148849797023005,1.0001333511134818
ugr16,july_to_august,xgb,3407,6,59993.307968689296,0.8667,0.866161052479527,0.9579887094656689,0.9579887094656689,0.9992006394884093,1.0192987224789345,0.9846396218983852,1.0120091755498584,0.9881422924901185
ugr16,july_to_august,xgb,3407,7,59998.24434648236,0.8644833333333334,0.8651912924368251,0.9488621151271753,0.9488621151271753,1.0035458620458955,1.0,1.0040160642570282,0.992588671254632,0.9894459102902375
ugr16,july_to_august,xgb,3407,8,59997.90435749385,0.8664,0.8663324249803732,0.9519751082251082,0.9519751082251082,0.998003992015968,0.9928514694201747,1.0146103896103895,1.001201441730076,0.9996001599360256
ugr16,july_to_august,xgb,3407,9,59999.198372406114,0.86435,0.8645071149481182,0.9466879914700786,0.9466879914700785,0.9999000099990001,1.0079290417954576,0.9996001599360256,0.9996001599360256,0.9933774834437087
ugr16,july_to_august,xgb,42,0,59996.323438345564,0.8666166666666667,0.8666986664800888,0.9470704410796577,0.9470704410796577,1.0067114093959733,0.9950908849674938,0.9874917709019092,1.0021378941742383,0.9889240506329113
ugr16,july_to_august,xgb,42,1,59998.57049970382,0.8667666666666667,0.8666554914143827,0.9536362432110214,0.9536362432110215,1.0023387905111927,0.9910147991543341,0.993509074049543,0.9996001599360256,1.0067114093959733
ugr16,july_to_august,xgb,42,2,59998.374235053096,0.8682166666666666,0.8674428126879835,0.9491502743208885,0.9491502743208886,0.995850622406639,1.001201441730076,1.0036130068245686,1.0115996762881037,1.0004001600640255
ugr16,july_to_august,xgb,42,3,59998.4480546554,0.8629166666666667,0.862963713966598,0.9475725558379029,0.9475725558379029,1.0029419630917358,0.9874917709019092,1.003076100040123,1.0,0.9978712080894093
ugr16,july_to_august,xgb,42,4,59999.45524127554,0.8657333333333334,0.8653192653129883,0.946723494938732,0.9467234949387321,0.997473068227158,1.0028078620136383,0.9989344698987745,1.0053619302949062,1.003076100040123
ugr16,july_to_august,xgb,42,5,59998.526804422174,0.8641666666666666,0.8645074635276916,0.9525128611001187,0.9525128611001186,1.0033109260559847,1.0032102728731942,0.9893153937475268,0.9948269001193791,0.9996001599360256
ugr16,july_to_august,xgb,42,6,59997.56511713079,0.8645166666666667,0.8654020526241436,0.9494231285215992,0.9494231285215992,1.0034787262510034,1.0017363429945239,1.0061711832573115,0.9902297332981251,0.9882724996705758
ugr16,july_to_august,xgb,42,7,59995.37190094913,0.8653333333333333,0.8657928869888277,0.9522928505352187,0.952292850535219,0.9986684420772303,1.0088781275221954,0.9911457645037665,0.9881422924901185,1.017777174650563
ugr16,july_to_august,xgb,42,8,59994.8441654929,0.8642,0.8651573202286642,0.9471224462545066,0.9471224462545067,1.0018367006177993,0.994431185361973,1.0014688209373748,0.9809050483913156,1.0165356465166713
ugr16,july_to_august,xgb,42,9,59998.56386528638,0.86735,0.8670624397491761,0.951063829787234,0.951063829787234,0.9985022466300548,0.9956192751891677,0.9973404255319149,1.0006671114076051,1.012555690562981
ugr16,july_to_august,xgb,512,0,59994.76499175114,0.86595,0.8648092474497995,0.9487788778877888,0.9487788778877887,0.9936406995230525,1.0096930533117934,0.9900990099009901,1.013787510137875,1.012555690562981
ugr16,july_to_august,xgb,512,1,59993.01921164266,0.8657333333333334,0.8662730571874854,0.9482098934135009,0.948209893413501,0.9936736113411282,1.0057663939922221,1.0248701831101394,0.9899683210137276,1.005631536604988
ugr16,july_to_august,xgb,512,2,59997.640080833546,0.8668833333333333,0.8677187697505069,0.9492291334396598,0.9492291334396598,1.0049577917727455,1.0033444816053512,0.996810207336523,0.9899683210137276,0.9903604912188037
ugr16,july_to_august,xgb,512,3,59990.564221078945,0.8673,0.8653893652909729,0.9504587155963303,0.9504587155963302,0.9947609257908349,0.9981368112856002,0.982961992136304,1.023890784982935,1.0172250101722502
ugr16,july_to_august,xgb,512,4,59998.71461314761,0.8684833333333334,0.8680004841688824,0.9516107649476335,0.9516107649476335,1.0002667377967458,1.0021378941742383,0.9942993503910911,1.009421265141319,0.9932459276916965
ugr16,july_to_august,xgb,512,5,59997.174957080366,0.8628666666666667,0.8636551421866061,0.9480852211434736,0.9480852211434736,1.0008674184293054,0.9936406995230525,1.0113268608414239,0.9867122747006972,1.0052271813429834
ugr16,july_to_august,xgb,512,6,59998.25218059331,0.8666666666666667,0.8664542987877896,0.9523054564671687,0.9523054564671688,1.0008340283569641,0.9949588750331652,0.9908838684106221,1.0,1.0110541925047183
ugr16,july_to_august,xgb,512,7,59996.86736596663,0.8693166666666666,0.8681826198971823,0.9468754181720862,0.9468754181720862,0.9952559466542813,0.9937723598780973,1.0036130068245686,1.0152971436307026,1.0067114093959733
ugr16,july_to_august,xgb,512,8,59998.60920535519,0.866,0.8663536736334602,0.9464526571351497,0.9464526571351496,0.9995002498750625,1.0004001600640255,1.0115996762881037,0.9962805526036131,0.993904055128545
ugr16,july_to_august,xgb,512,9,59997.46972940517,0.8635833333333334,0.8632165823794226,0.9544617004474861,0.9544617004474861,1.0017697933014993,1.0059012875536482,0.9871018689128719,1.0079290417954576,0.9923260121725324
ugr16,july_to_august,xgb,6021,0,59997.40492961999,0.8671,0.8676980988696548,0.9558372248165443,0.9558372248165443,1.0034451617219118,0.9897070467141726,1.0006671114076051,0.9885330170027679,1.0076582023377672
ugr16,july_to_august,xgb,6021,1,59994.28335437493,0.8665666666666667,0.8678995502038173,0.9486432825943084,0.9486432825943084,1.0059687479042319,0.998003992015968,0.9927200529450694,0.9779632285826053,1.008200026885334
ugr16,july_to_august,xgb,6021,2,59999.28385648643,0.8680166666666667,0.8674558905714159,0.9484824281150159,0.9484824281150162,0.9992006394884093,0.9949588750331652,0.998402555910543,1.0077936038699276,1.0021378941742383
ugr16,july_to_august,xgb,6021,3,59999.46497971008,0.8657833333333333,0.8654217128401428,0.948690539818279,0.948690539818279,0.9995335510095289,0.9940357852882704,1.0021378941742383,1.0054967153773964,1.0002667377967458
ugr16,july_to_august,xgb,6021,4,59999.567857549955,0.8651,0.8652007913276738,0.9508635694202705,0.9508635694202705,1.0006671114076051,0.9989344698987745,1.004150488686571,1.0004001600640255,0.993904055128545
ugr16,july_to_august,xgb,6021,5,59989.93290021688,0.8674166666666666,0.8672210797870837,0.9464028305595596,0.9464028305595598,1.0057663939922221,1.0102370689655171,0.9828331804481718,1.0110541925047183,0.9741524873360177
ugr16,july_to_august,xgb,6021,6,59986.46265838934,0.8675333333333334,0.8660140139360999,0.9500651890482399,0.9500651890482398,0.9965453095934095,0.9918011108172441,0.9778357235984355,1.0139245640124375,1.0320627494151644
ugr16,july_to_august,xgb,6021,7,59997.027955399324,0.8651333333333333,0.865818038737393,0.9436125725077567,0.9436125725077564,1.0034451617219118,0.9916699722332408,1.011736139214893,0.9921947347532742,0.9910147991543341
ugr16,july_to_august,xgb,6021,8,59986.95957715971,0.8657666666666667,0.866396264691347,0.9472672342762977,0.9472672342762977,1.0028078620136383,0.9881422924901185,1.02993683054106,0.998402555910543,0.9740259740259741
ugr16,july_to_august,xgb,6021,9,59995.51691370702,0.8646166666666667,0.8634681939750447,0.9529722589167767,0.9529722589167766,1.0015022533800702,0.9881422924901185,0.9907529722589167,1.0188833038989267,0.996810207336523
ugr16,july_to_august,xgb,7,0,59998.729157320784,0.8656833333333334,0.8659298209390446,0.9466489714664897,0.9466489714664897,1.0044867072925734,0.9932459276916965,0.9953550099535502,0.9976057462090983,0.9960159362549801
ugr16,july_to_august,xgb,7,1,59994.85462010731,0.8646666666666667,0.8655371519942859,0.9520245890685554,0.9520245890685555,1.0054630157187385,0.9841228185277523,1.0022718161165307,0.9845103701758992,1.0079290417954576
ugr16,july_to_august,xgb,7,2,59999.77558596314,0.8666166666666667,0.866560349082744,0.9517783402157985,0.9517783402157987,1.0004668845461215,0.9958836807860842,0.999067536965499,0.9998666844420744,1.0033444816053512
ugr16,july_to_august,xgb,7,3,59991.391475244876,0.8644666666666667,0.8659122204048691,0.9535870574194404,0.9535870574194404,1.0060024814727877,0.9931144067796611,0.9945630552977058,0.9740259740259741,1.0154346060113728
ugr16,july_to_august,xgb,7,4,59983.011535356214,0.8644333333333334,0.8634302193057193,0.9438383838383838,0.9438383838383838,0.9981368112856002,0.9642581640524557,1.0101010101010102,1.007116959849604,1.0282423910063065
ugr16,july_to_august,xgb,7,5,59994.49655165254,0.8672333333333333,0.8659124557471725,0.949710125387623,0.9497101253876231,0.9945960282465272,0.9915388683236384,1.0111905082917623,1.0206859009254219,0.9989344698987745
ugr16,july_to_august,xgb,7,6,59994.48026935683,0.86905,0.867464658761224,0.9530102790014684,0.9530102790014684,0.993278813362911,0.9969427090256545,1.001201441730076,1.0224948875255624,1.0069817400644467
ugr16,july_to_august,xgb,7,7,59998.61171322101,0.864,0.864716719592655,0.951638689048761,0.9516386890487608,1.0010344022156228,1.0080645161290323,0.9992006394884093,0.9893153937475268,0.9994669509594883
ugr16,july_to_august,xgb,7,8,59994.16770134979,0.8653333333333333,0.8655250489492141,0.9457806767223808,0.9457806767223806,0.9939699158438805,0.998801438274071,1.019160211985324,0.9923260121725324,1.0146103896103895
ugr16,july_to_august,xgb,7,9,59987.58132040415,0.8646333333333334,0.8653520848546475,0.9460771097330817,0.9460771097330817,0.9917027536279793,1.0339123242349049,1.0110541925047183,0.9881422924901185,1.0017363429945239
ugr16,july_to_august,xgb,88,0,59996.37143671006,0.8661666666666666,0.8672300278165491,0.9564584436209634,0.9564584436209634,1.0031767262999498,1.0118726389638424,0.992588671254632,0.9843811523822024,0.9989344698987745
ugr16,july_to_august,xgb,88,1,59992.32413331977,0.8640833333333333,0.8655818805780259,0.9499327052489905,0.9499327052489905,0.99930048965724,1.006576298483425,1.009421265141319,0.9738994935722634,1.0139245640124375
ugr16,july_to_august,xgb,88,2,59995.59953512789,0.8672666666666666,0.8662636756032691,0.9480257856567285,0.9480257856567285,0.9917355371900827,1.0063061854286863,1.0072522159548751,1.0132396649554174,1.0068465565847766
ugr16,july_to_august,xgb,88,3,59991.60614733811,0.8648833333333333,0.8661198887218374,0.9493221008292747,0.9493221008292746,1.0015691249624412,1.0165356465166713,0.987231802027116,0.9778357235984355,1.0132396649554174
ugr16,july_to_august,xgb,88,4,59996.42677905722,0.8647,0.8647890422456707,0.9463254593175853,0.9463254593175853,1.0065425264217414,0.993509074049543,0.984251968503937,1.0,0.9965453095934095
ugr16,july_to_august,xgb,88,5,59997.82593289116,0.8665,0.8669412135902634,0.9483819202995454,0.9483819202995453,0.997207818109294,1.013787510137875,1.0029419630917358,0.9924573243350535,1.0022718161165307
ugr16,july_to_august,xgb,88,6,59997.37817344729,0.8649666666666667,0.8643191496158297,0.9508785942492013,0.9508785942492013,1.000934205258241,0.9966777408637874,0.998402555910543,1.0136504933099066,0.987881981032666
ugr16,july_to_august,xgb,88,7,59986.584408014765,0.8651166666666666,0.8654941578367634,0.9548141337186392,0.9548141337186393,1.003948865537782,1.026132165822958,0.9851569683436229,1.003076100040123,0.971628449280995
ugr16,july_to_august,xgb,88,8,59997.61596833879,0.8645666666666667,0.8647107343301714,0.9505523408732246,0.9505523408732246,1.0052608651945178,0.996810207336523,0.9863229879011046,0.998535481294102,0.9976057462090983
ugr16,july_to_august,xgb,88,9,59997.99516769582,0.8674666666666667,0.8664741053700238,0.9510833444104746,0.9510833444104745,0.996975839952145,0.9969427090256545,0.9969427090256545,1.0139245640124375,1.004553978033753
ugr16,july_to_august,xgb,91,0,59998.033915793916,0.8632166666666666,0.8638238825774005,0.9477482293197915,0.9477482293197915,1.0007004903432404,0.9970752459452275,1.0022718161165307,0.988012119615334,1.0101010101010102
ugr16,july_to_august,xgb,91,1,59999.21301085016,0.8666333333333334,0.8661255927431911,0.9502058159606958,0.9502058159606956,1.0004001600640255,0.9961482268561562,0.9958836807860842,1.0083355740790534,0.9981368112856002
ugr16,july_to_august,xgb,91,2,59996.66467317213,0.8673666666666666,0.8662284641878902,0.9498131340096102,0.9498131340096102,0.9983693300941795,0.9895764612745745,1.00106780565937,1.0180534817429077,0.9982696659124184
ugr16,july_to_august,xgb,91,3,59992.644235033935,0.8650666666666667,0.8667578644967615,0.9482895783611774,0.9482895783611774,1.007725898555593,0.9977384594918186,0.994431185361973,0.9740259740259741,1.0038816758131441
ugr16,july_to_august,xgb,91,4,59996.573342023,0.8648,0.8652617498331283,0.9465800636267232,0.9465800636267232,1.0041168792047395,0.9887936717205009,0.9941675503711559,0.9898376666226739,1.0111905082917623
ugr16,july_to_august,xgb,91,5,59999.83063890529,0.8658,0.865516115912649,0.9496872088380142,0.9496872088380142,0.9995335510095289,0.9986684420772303,0.9982696659124184,1.0040160642570282,1.000934205258241
ugr16,july_to_august,xgb,91,6,59995.115928959174,0.8643666666666666,0.8649311222682898,0.9454447729105079,0.9454447729105079,0.9953550099535502,1.0088781275221954,1.0077936038699276,0.9867122747006972,1.0158472165786265
ugr16,july_to_august,xgb,91,7,59998.59343256385,0.8668166666666667,0.8670186078452048,0.9508417508417508,0.9508417508417508,1.0,0.9996001599360256,1.0101010101010102,0.9997334044254865,0.9907529722589167
ugr16,july_to_august,xgb,91,8,59991.40660178092,0.8668166666666667,0.8650339789865436,0.9476658146105207,0.9476658146105206,0.9904258831297458,0.998535481294102,1.0090138571236378,1.0259917920656634,1.0059012875536482
ugr16,july_to_august,xgb,91,9,59992.942534384434,0.8685333333333334,0.8671053274657949,0.9442054315676257,0.9442054315676255,0.9971746717633373,0.9819324430479184,1.0083355740790534,1.0227737624437474,0.9992006394884093
