dataset,environment,seed,arch,protocol,class,alpha,coverage,set_size,nominal
ugr16,july_to_august,12345,mlp,REC,background,0.05,0.9502,1.1467,0.95
ugr16,july_to_august,12345,mlp,REC,dos,0.05,0.9494,0.959,0.95
ugr16,july_to_august,12345,mlp,REC,nerisbotnet,0.05,0.9496,1.4874,0.95
ugr16,july_to_august,12345,mlp,REC,scan11,0.05,0.9504,1.8982,0.95
ugr16,july_to_august,12345,mlp,REC,scan44,0.05,0.9512,1.7404,0.95
ugr16,july_to_august,12345,mlp,REC,background,0.1,0.9005,1.0556,0.9
ugr16,july_to_august,12345,mlp,REC,dos,0.1,0.8978,0.8994,0.9
ugr16,july_to_august,12345,mlp,REC,nerisbotnet,0.1,0.8988,1.4131,0.9
ugr16,july_to_august,12345,mlp,REC,scan11,0.1,0.9015,1.7678,0.9
ugr16,july_to_august,12345,mlp,REC,scan44,0.1,0.9002,1.6242,0.9
ugr16,july_to_august,12345,mlp,REC,background,0.2,0.7991,0.9203,0.8
ugr16,july_to_august,12345,mlp,REC,dos,0.2,0.7991,0.7991,0.8
ugr16,july_to_august,12345,mlp,REC,nerisbotnet,0.2,0.8006,1.2912,0.8
ugr16,july_to_august,12345,mlp,REC,scan11,0.2,0.8009,1.5319,0.8
ugr16,july_to_august,12345,mlp,REC,scan44,0.2,0.8021,1.4403,0.8
ugr16,july_to_august,12345,mlp,TSC,background,0.05,0.9497,1.147,0.95
ugr16,july_to_august,12345,mlp,TSC,dos,0.05,0.9489,0.9584,0.95
ugr16,july_to_august,12345,mlp,TSC,nerisbotnet,0.05,0.9503,1.4877,0.95
ugr16,july_to_august,12345,mlp,TSC,scan11,0.05,0.9499,1.8948,0.95
ugr16,july_to_august,12345,mlp,TSC,scan44,0.05,0.9497,1.7371,0.95
ugr16,july_to_august,12345,mlp,TSC,background,0.1,0.9001,1.0555,0.9
ugr16,july_to_august,12345,mlp,TSC,dos,0.1,0.8985,0.9002,0.9
ugr16,july_to_august,12345,mlp,TSC,nerisbotnet,0.1,0.8999,1.414,0.9
ugr16,july_to_august,12345,mlp,TSC,scan11,0.1,0.8989,1.7656,0.9
ugr16,july_to_august,12345,mlp,TSC,scan44,0.1,0.9003,1.6223,0.9
ugr16,july_to_august,12345,mlp,TSC,background,0.2,0.8001,0.9216,0.8
ugr16,july_to_august,12345,mlp,TSC,dos,0.2,0.7961,0.7961,0.8
ugr16,july_to_august,12345,mlp,TSC,nerisbotnet,0.2,0.8018,1.2925,0.8
ugr16,july_to_august,12345,mlp,TSC,scan11,0.2,0.801,1.5288,0.8
ugr16,july_to_august,12345,mlp,TSC,scan44,0.2,0.7991,1.4374,0.8
ugr16,july_to_august,12345,mlp,SHC,background,0.05,0.9431,1.1296,0.95
ugr16,july_to_august,12345,mlp,SHC,dos,0.05,0.9485,0.9552,0.95
ugr16,july_to_august,12345,mlp,SHC,nerisbotnet,0.05,0.9436,1.476,0.95
ugr16,july_to_august,12345,mlp,SHC,scan11,0.05,0.8509,1.733,0.95
ugr16,july_to_august,12345,mlp,SHC,scan44,0.05,0.9095,1.6019,0.95
ugr16,july_to_august,12345,mlp,SHC,background,0.1,0.8867,1.0358,0.9
ugr16,july_to_august,12345,mlp,SHC,dos,0.1,0.8973,0.8986,0.9
ugr16,july_to_august,12345,mlp,SHC,nerisbotnet,0.1,0.8882,1.3985,0.9
ugr16,july_to_august,12345,mlp,SHC,scan11,0.1,0.7705,1.5387,0.9
ugr16,july_to_august,12345,mlp,SHC,scan44,0.1,0.8297,1.4431,0.9
ugr16,july_to_august,12345,mlp,SHC,background,0.2,0.7758,0.8874,0.8
ugr16,july_to_august,12345,mlp,SHC,dos,0.2,0.7949,0.7949,0.8
ugr16,july_to_august,12345,mlp,SHC,nerisbotnet,0.2,0.7739,1.2606,0.8
ugr16,july_to_august,12345,mlp,SHC,scan11,0.2,0.6252,1.2321,0.8
ugr16,july_to_august,12345,mlp,SHC,scan44,0.2,0.707,1.1974,0.8
ugr16,july_to_august,1337,mlp,REC,background,0.05,0.9492,1.1473,0.95
ugr16,july_to_august,1337,mlp,REC,dos,0.05,0.9499,0.9585,0.95
ugr16,july_to_august,1337,mlp,REC,nerisbotnet,0.05,0.9488,1.4703,0.95
ugr16,july_to_august,1337,mlp,REC,scan11,0.05,0.9515,1.8786,0.95
ugr16,july_to_august,1337,mlp,REC,scan44,0.05,0.9496,1.7511,0.95
ugr16,july_to_august,1337,mlp,REC,background,0.1,0.8992,1.0486,0.9
ugr16,july_to_august,1337,mlp,REC,dos,0.1,0.9004,0.9057,0.9
ugr16,july_to_august,1337,mlp,REC,nerisbotnet,0.1,0.8992,1.4064,0.9
ugr16,july_to_august,1337,mlp,REC,scan11,0.1,0.9009,1.7559,0.9
ugr16,july_to_august,1337,mlp,REC,scan44,0.1,0.8998,1.623,0.9
ugr16,july_to_august,1337,mlp,REC,background,0.2,0.8012,0.9215,0.8
ugr16,july_to_august,1337,mlp,REC,dos,0.2,0.8016,0.8044,0.8
ugr16,july_to_august,1337,mlp,REC,nerisbotnet,0.2,0.7994,1.2869,0.8
ugr16,july_to_august,1337,mlp,REC,scan11,0.2,0.8024,1.5187,0.8
ugr16,july_to_august,1337,mlp,REC,scan44,0.2,0.7992,1.4372,0.8
ugr16,july_to_august,1337,mlp,TSC,background,0.05,0.9496,1.1473,0.95
ugr16,july_to_august,1337,mlp,TSC,dos,0.05,0.9509,0.9595,0.95
ugr16,july_to_august,1337,mlp,TSC,nerisbotnet,0.05,0.9485,1.4703,0.95
ugr16,july_to_august,1337,mlp,TSC,scan11,0.05,0.9504,1.878,0.95
ugr16,july_to_august,1337,mlp,TSC,scan44,0.05,0.9495,1.7503,0.95
ugr16,july_to_august,1337,mlp,TSC,background,0.1,0.8997,1.0488,0.9
ugr16,july_to_august,1337,mlp,TSC,dos,0.1,0.8994,0.9048,0.9
ugr16,july_to_august,1337,mlp,TSC,nerisbotnet,0.1,0.8982,1.4054,0.9
ugr16,july_to_august,1337,mlp,TSC,scan11,0.1,0.9006,1.7551,0.9
ugr16,july_to_august,1337,mlp,TSC,scan44,0.1,0.8991,1.6221,0.9
ugr16,july_to_august,1337,mlp,TSC,background,0.2,0.7996,0.9195,0.8
ugr16,july_to_august,1337,mlp,TSC,dos,0.2,0.7987,0.8015,0.8
ugr16,july_to_august,1337,mlp,TSC,nerisbotnet,0.2,0.7987,1.286,0.8
ugr16,july_to_august,1337,mlp,TSC,scan11,0.2,0.8023,1.5212,0.8
ugr16,july_to_august,1337,mlp,TSC,scan44,0.2,0.8007,1.4385,0.8
ugr16,july_to_august,1337,mlp,SHC,background,0.05,0.9434,1.1308,0.95
ugr16,july_to_august,1337,mlp,SHC,dos,0.05,0.9509,0.9591,0.95
ugr16,july_to_august,1337,mlp,SHC,nerisbotnet,0.05,0.9426,1.4626,0.95
ugr16,july_to_august,1337,mlp,SHC,scan11,0.05,0.8192,1.6882,0.95
ugr16,july_to_august,1337,mlp,SHC,scan44,0.05,0.9057,1.5974,0.95
ugr16,july_to_august,1337,mlp,SHC,background,0.1,0.8891,1.0327,0.9
ugr16,july_to_august,1337,mlp,SHC,dos,0.1,0.8986,0.9033,0.9
ugr16,july_to_august,1337,mlp,SHC,nerisbotnet,0.1,0.8867,1.3902,0.9
ugr16,july_to_august,1337,mlp,SHC,scan11,0.1,0.709,1.4618,0.9
ugr16,july_to_august,1337,mlp,SHC,scan44,0.1,0.8221,1.4102,0.9
ugr16,july_to_august,1337,mlp,SHC,background,0.2,0.7773,0.8869,0.8
ugr16,july_to_august,1337,mlp,SHC,dos,0.2,0.7983,0.8006,0.8
ugr16,july_to_august,1337,mlp,SHC,nerisbotnet,0.2,0.7692,1.2529,0.8
ugr16,july_to_august,1337,mlp,SHC,scan11,0.2,0.4965,1.1285,0.8
ugr16,july_to_august,1337,mlp,SHC,scan44,0.2,0.7199,1.1504,0.8
ugr16,july_to_august,2024,mlp,REC,background,0.05,0.9504,1.1492,0.95
ugr16,july_to_august,2024,mlp,REC,dos,0.05,0.9515,0.9772,0.95
ugr16,july_to_august,2024,mlp,REC,nerisbotnet,0.05,0.9478,1.4832,0.95
ugr16,july_to_august,2024,mlp,REC,scan11,0.05,0.9497,1.88,0.95
ugr16,july_to_august,2024,mlp,REC,scan44,0.05,0.9504,1.7359,0.95
ugr16,july_to_august,2024,mlp,REC,background,0.1,0.9004,1.0548,0.9
ugr16,july_to_august,2024,mlp,REC,dos,0.1,0.9009,0.9016,0.9
ugr16,july_to_august,2024,mlp,REC,nerisbotnet,0.1,0.8972,1.4172,0.9
ugr16,july_to_august,2024,mlp,REC,scan11,0.1,0.8996,1.7601,0.9
ugr16,july_to_august,2024,mlp,REC,scan44,0.1,0.9006,1.6459,0.9
ugr16,july_to_august,2024,mlp,REC,background,0.2,0.8006,0.9257,0.8
ugr16,july_to_august,2024,mlp,REC,dos,0.2,0.8022,0.8022,0.8
ugr16,july_to_august,2024,mlp,REC,nerisbotnet,0.2,0.798,1.2981,0.8
ugr16,july_to_august,2024,mlp,REC,scan11,0.2,0.8004,1.546,0.8
ugr16,july_to_august,2024,mlp,REC,scan44,0.2,0.8011,1.4831,0.8
ugr16,july_to_august,2024,mlp,TSC,background,0.05,0.9502,1.1498,0.95
ugr16,july_to_august,2024,mlp,TSC,dos,0.05,0.9485,0.9746,0.95
ugr16,july_to_august,2024,mlp,TSC,nerisbotnet,0.05,0.9483,1.4836,0.95
ugr16,july_to_august,2024,mlp,TSC,scan11,0.05,0.9508,1.8795,0.95
ugr16,july_to_august,2024,mlp,TSC,scan44,0.05,0.9497,1.7361,0.95
ugr16,july_to_august,2024,mlp,TSC,background,0.1,0.9008,1.0552,0.9
ugr16,july_to_august,2024,mlp,TSC,dos,0.1,0.8986,0.8992,0.9
ugr16,july_to_august,2024,mlp,TSC,nerisbotnet,0.1,0.8976,1.4178,0.9
ugr16,july_to_august,2024,mlp,TSC,scan11,0.1,0.8999,1.7596,0.9
ugr16,july_to_august,2024,mlp,TSC,scan44,0.1,0.8997,1.6453,0.9
ugr16,july_to_august,2024,mlp,TSC,background,0.2,0.8012,0.9262,0.8
ugr16,july_to_august,2024,mlp,TSC,dos,0.2,0.7986,0.7986,0.8
ugr16,july_to_august,2024,mlp,TSC,nerisbotnet,0.2,0.797,1.2972,0.8
ugr16,july_to_august,2024,mlp,TSC,scan11,0.2,0.8009,1.5474,0.8
ugr16,july_to_august,2024,mlp,TSC,scan44,0.2,0.802,1.4841,0.8
ugr16,july_to_august,2024,mlp,SHC,background,0.05,0.9445,1.1283,0.95
ugr16,july_to_august,2024,mlp,SHC,dos,0.05,0.9507,0.9647,0.95
ugr16,july_to_august,2024,mlp,SHC,nerisbotnet,0.05,0.9408,1.4717,0.95
ugr16,july_to_august,2024,mlp,SHC,scan11,0.05,0.7955,1.7046,0.95
ugr16,july_to_august,2024,mlp,SHC,scan44,0.05,0.936,1.6152,0.95
ugr16,july_to_august,2024,mlp,SHC,background,0.1,0.8883,1.0362,0.9
ugr16,july_to_august,2024,mlp,SHC,dos,0.1,0.9,0.9001,0.9
ugr16,july_to_august,2024,mlp,SHC,nerisbotnet,0.1,0.8821,1.3992,0.9
ugr16,july_to_august,2024,mlp,SHC,scan11,0.1,0.6621,1.4973,0.9
ugr16,july_to_august,2024,mlp,SHC,scan44,0.1,0.8812,1.4764,0.9
ugr16,july_to_august,2024,mlp,SHC,background,0.2,0.7788,0.8932,0.8
ugr16,july_to_august,2024,mlp,SHC,dos,0.2,0.8007,0.8007,0.8
ugr16,july_to_august,2024,mlp,SHC,nerisbotnet,0.2,0.7671,1.261,0.8
ugr16,july_to_august,2024,mlp,SHC,scan11,0.2,0.5243,1.2329,0.8
ugr16,july_to_august,2024,mlp,SHC,scan44,0.2,0.7701,1.2699,0.8
ugr16,july_to_august,3407,mlp,REC,background,0.05,0.9502,1.1395,0.95
ugr16,july_to_august,3407,mlp,REC,dos,0.05,0.9507,0.9518,0.95
ugr16,july_to_august,3407,mlp,REC,nerisbotnet,0.05,0.95,1.4689,0.95
ugr16,july_to_august,3407,mlp,REC,scan11,0.05,0.9481,1.9022,0.95
ugr16,july_to_august,3407,mlp,REC,scan44,0.05,0.9506,1.7204,0.95
ugr16,july_to_august,3407,mlp,REC,background,0.1,0.9001,1.0515,0.9
ugr16,july_to_august,3407,mlp,REC,dos,0.1,0.9016,0.9016,0.9
ugr16,july_to_august,3407,mlp,REC,nerisbotnet,0.1,0.8993,1.4026,0.9
ugr16,july_to_august,3407,mlp,REC,scan11,0.1,0.8988,1.7754,0.9
ugr16,july_to_august,3407,mlp,REC,scan44,0.1,0.9003,1.6171,0.9
ugr16,july_to_august,3407,mlp,REC,background,0.2,0.8001,0.9211,0.8
ugr16,july_to_august,3407,mlp,REC,dos,0.2,0.8015,0.8015,0.8
ugr16,july_to_august,3407,mlp,REC,nerisbotnet,0.2,0.8018,1.2833,0.8
ugr16,july_to_august,3407,mlp,REC,scan11,0.2,0.7993,1.5364,0.8
ugr16,july_to_august,3407,mlp,REC,scan44,0.2,0.7992,1.4205,0.8
ugr16,july_to_august,3407,mlp,TSC,background,0.05,0.9499,1.1384,0.95
ugr16,july_to_august,3407,mlp,TSC,dos,0.05,0.9499,0.951,0.95
ugr16,july_to_august,3407,mlp,TSC,nerisbotnet,0.05,0.9493,1.4681,0.95
ugr16,july_to_august,3407,mlp,TSC,scan11,0.05,0.947,1.8989,0.95
ugr16,july_to_august,3407,mlp,TSC,scan44,0.05,0.949,1.7179,0.95
ugr16,july_to_august,3407,mlp,TSC,background,0.1,0.9001,1.051,0.9
ugr16,july_to_august,3407,mlp,TSC,dos,0.1,0.8996,0.8996,0.9
ugr16,july_to_august,3407,mlp,TSC,nerisbotnet,0.1,0.8978,1.4013,0.9
ugr16,july_to_august,3407,mlp,TSC,scan11,0.1,0.8998,1.7741,0.9
ugr16,july_to_august,3407,mlp,TSC,scan44,0.1,0.8983,1.6155,0.9
ugr16,july_to_august,3407,mlp,TSC,background,0.2,0.8007,0.921,0.8
ugr16,july_to_august,3407,mlp,TSC,dos,0.2,0.8005,0.8005,0.8
ugr16,july_to_august,3407,mlp,TSC,nerisbotnet,0.2,0.7996,1.2811,0.8
ugr16,july_to_august,3407,mlp,TSC,scan11,0.2,0.7981,1.5332,0.8
ugr16,july_to_august,3407,mlp,TSC,scan44,0.2,0.7975,1.4176,0.8
ugr16,july_to_august,3407,mlp,SHC,background,0.05,0.9447,1.1237,0.95
ugr16,july_to_august,3407,mlp,SHC,dos,0.05,0.9494,0.95,0.95
ugr16,july_to_august,3407,mlp,SHC,nerisbotnet,0.05,0.9416,1.4585,0.95
ugr16,july_to_august,3407,mlp,SHC,scan11,0.05,0.824,1.7485,0.95
ugr16,july_to_august,3407,mlp,SHC,scan44,0.05,0.9294,1.593,0.95
ugr16,july_to_august,3407,mlp,SHC,background,0.1,0.8889,1.0334,0.9
ugr16,july_to_august,3407,mlp,SHC,dos,0.1,0.8996,0.8996,0.9
ugr16,july_to_august,3407,mlp,SHC,nerisbotnet,0.1,0.8834,1.3828,0.9
ugr16,july_to_august,3407,mlp,SHC,scan11,0.1,0.7215,1.5363,0.9
ugr16,july_to_august,3407,mlp,SHC,scan44,0.1,0.8541,1.4206,0.9
ugr16,july_to_august,3407,mlp,SHC,background,0.2,0.7797,0.889,0.8
ugr16,july_to_august,3407,mlp,SHC,dos,0.2,0.8014,0.8014,0.8
ugr16,july_to_august,3407,mlp,SHC,nerisbotnet,0.2,0.7685,1.2483,0.8
ugr16,july_to_august,3407,mlp,SHC,scan11,0.2,0.5504,1.1787,0.8
ugr16,july_to_august,3407,mlp,SHC,scan44,0.2,0.7201,1.1444,0.8
ugr16,july_to_august,42,mlp,REC,background,0.05,0.9502,1.1407,0.95
ugr16,july_to_august,42,mlp,REC,dos,0.05,0.9491,0.9553,0.95
ugr16,july_to_august,42,mlp,REC,nerisbotnet,0.05,0.9496,1.4824,0.95
ugr16,july_to_august,42,mlp,REC,scan11,0.05,0.95,1.9129,0.95
ugr16,july_to_august,42,mlp,REC,scan44,0.05,0.9499,1.7427,0.95
ugr16,july_to_august,42,mlp,REC,background,0.1,0.9007,1.0588,0.9
ugr16,july_to_august,42,mlp,REC,dos,0.1,0.8984,0.9017,0.9
ugr16,july_to_august,42,mlp,REC,nerisbotnet,0.1,0.8992,1.4203,0.9
ugr16,july_to_august,42,mlp,REC,scan11,0.1,0.9005,1.7899,0.9
ugr16,july_to_august,42,mlp,REC,scan44,0.1,0.901,1.6381,0.9
ugr16,july_to_august,42,mlp,REC,background,0.2,0.7993,0.9197,0.8
ugr16,july_to_august,42,mlp,REC,dos,0.2,0.7983,0.7989,0.8
ugr16,july_to_august,42,mlp,REC,nerisbotnet,0.2,0.8003,1.301,0.8
ugr16,july_to_august,42,mlp,REC,scan11,0.2,0.7993,1.5598,0.8
ugr16,july_to_august,42,mlp,REC,scan44,0.2,0.802,1.4824,0.8
ugr16,july_to_august,42,mlp,TSC,background,0.05,0.9496,1.1401,0.95
ugr16,july_to_august,42,mlp,TSC,dos,0.05,0.949,0.955,0.95
ugr16,july_to_august,42,mlp,TSC,nerisbotnet,0.05,0.9496,1.4823,0.95
ugr16,july_to_august,42,mlp,TSC,scan11,0.05,0.9481,1.9103,0.95
ugr16,july_to_august,42,mlp,TSC,scan44,0.05,0.9497,1.7409,0.95
ugr16,july_to_august,42,mlp,TSC,background,0.1,0.9002,1.0582,0.9
ugr16,july_to_august,42,mlp,TSC,dos,0.1,0.901,0.9042,0.9
ugr16,july_to_august,42,mlp,TSC,nerisbotnet,0.1,0.8992,1.42,0.9
ugr16,july_to_august,42,mlp,TSC,scan11,0.1,0.8983,1.7861,0.9
ugr16,july_to_august,42,mlp,TSC,scan44,0.1,0.8995,1.6347,0.9
ugr16,july_to_august,42,mlp,TSC,background,0.2,0.7999,0.9193,0.8
ugr16,july_to_august,42,mlp,TSC,dos,0.2,0.8003,0.8008,0.8
ugr16,july_to_august,42,mlp,TSC,nerisbotnet,0.2,0.7973,1.2982,0.8
ugr16,july_to_august,42,mlp,TSC,scan11,0.2,0.7979,1.5553,0.8
ugr16,july_to_august,42,mlp,TSC,scan44,0.2,0.8002,1.48,0.8
ugr16,july_to_august,42,mlp,SHC,background,0.05,0.9433,1.1269,0.95
ugr16,july_to_august,42,mlp,SHC,dos,0.05,0.9505,0.9555,0.95
ugr16,july_to_august,42,mlp,SHC,nerisbotnet,0.05,0.9436,1.4738,0.95
ugr16,july_to_august,42,mlp,SHC,scan11,0.05,0.7734,1.6523,0.95
ugr16,july_to_august,42,mlp,SHC,scan44,0.05,0.8726,1.5565,0.95
ugr16,july_to_august,42,mlp,SHC,background,0.1,0.8885,1.0388,0.9
ugr16,july_to_august,42,mlp,SHC,dos,0.1,0.9018,0.9047,0.9
ugr16,july_to_august,42,mlp,SHC,nerisbotnet,0.1,0.8899,1.4085,0.9
ugr16,july_to_august,42,mlp,SHC,scan11,0.1,0.7234,1.49,0.9
ugr16,july_to_august,42,mlp,SHC,scan44,0.1,0.8033,1.4169,0.9
ugr16,july_to_august,42,mlp,SHC,background,0.2,0.7782,0.8897,0.8
ugr16,july_to_august,42,mlp,SHC,dos,0.2,0.802,0.802,0.8
ugr16,july_to_august,42,mlp,SHC,nerisbotnet,0.2,0.775,1.2705,0.8
ugr16,july_to_august,42,mlp,SHC,scan11,0.2,0.6266,1.2418,0.8
ugr16,july_to_august,42,mlp,SHC,scan44,0.2,0.6971,1.1943,0.8
ugr16,july_to_august,512,mlp,REC,background,0.05,0.9502,1.1362,0.95
ugr16,july_to_august,512,mlp,REC,dos,0.05,0.9521,0.9732,0.95
ugr16,july_to_august,512,mlp,REC,nerisbotnet,0.05,0.95,1.4903,0.95
ugr16,july_to_august,512,mlp,REC,scan11,0.05,0.9495,1.9399,0.95
ugr16,july_to_august,512,mlp,REC,scan44,0.05,0.9507,1.7084,0.95
ugr16,july_to_august,512,mlp,REC,background,0.1,0.8998,1.0552,0.9
ugr16,july_to_august,512,mlp,REC,dos,0.1,0.9024,0.9026,0.9
ugr16,july_to_august,512,mlp,REC,nerisbotnet,0.1,0.9001,1.4081,0.9
ugr16,july_to_august,512,mlp,REC,scan11,0.1,0.8977,1.7889,0.9
ugr16,july_to_august,512,mlp,REC,scan44,0.1,0.9003,1.5961,0.9
ugr16,july_to_august,512,mlp,REC,background,0.2,0.8009,0.9186,0.8
ugr16,july_to_august,512,mlp,REC,dos,0.2,0.8,0.8001,0.8
ugr16,july_to_august,512,mlp,REC,nerisbotnet,0.2,0.7995,1.2865,0.8
ugr16,july_to_august,512,mlp,REC,scan11,0.2,0.7988,1.5082,0.8
ugr16,july_to_august,512,mlp,REC,scan44,0.2,0.8024,1.4372,0.8
ugr16,july_to_august,512,mlp,TSC,background,0.05,0.9505,1.1361,0.95
ugr16,july_to_august,512,mlp,TSC,dos,0.05,0.9503,0.9714,0.95
ugr16,july_to_august,512,mlp,TSC,nerisbotnet,0.05,0.9498,1.4904,0.95
ugr16,july_to_august,512,mlp,TSC,scan11,0.05,0.95,1.9402,0.95
ugr16,july_to_august,512,mlp,TSC,scan44,0.05,0.9498,1.7087,0.95
ugr16,july_to_august,512,mlp,TSC,background,0.1,0.9007,1.0558,0.9
ugr16,july_to_august,512,mlp,TSC,dos,0.1,0.9004,0.9006,0.9
ugr16,july_to_august,512,mlp,TSC,nerisbotnet,0.1,0.8995,1.4077,0.9
ugr16,july_to_august,512,mlp,TSC,scan11,0.1,0.8993,1.7907,0.9
ugr16,july_to_august,512,mlp,TSC,scan44,0.1,0.9005,1.5973,0.9
ugr16,july_to_august,512,mlp,TSC,background,0.2,0.8009,0.9182,0.8
ugr16,july_to_august,512,mlp,TSC,dos,0.2,0.7982,0.7983,0.8
ugr16,july_to_august,512,mlp,TSC,nerisbotnet,0.2,0.7984,1.2853,0.8
ugr16,july_to_august,512,mlp,TSC,scan11,0.2,0.8008,1.5089,0.8
ugr16,july_to_august,512,mlp,TSC,scan44,0.2,0.8011,1.4378,0.8
ugr16,july_to_august,512,mlp,SHC,background,0.05,0.9444,1.1193,0.95
ugr16,july_to_august,512,mlp,SHC,dos,0.05,0.9504,0.9668,0.95
ugr16,july_to_august,512,mlp,SHC,nerisbotnet,0.05,0.9433,1.4792,0.95
ugr16,july_to_august,512,mlp,SHC,scan11,0.05,0.6891,1.5634,0.95
ugr16,july_to_august,512,mlp,SHC,scan44,0.05,0.8803,1.4712,0.95
ugr16,july_to_august,512,mlp,SHC,background,0.1,0.8886,1.0344,0.9
ugr16,july_to_august,512,mlp,SHC,dos,0.1,0.9004,0.9006,0.9
ugr16,july_to_august,512,mlp,SHC,nerisbotnet,0.1,0.8838,1.3868,0.9
ugr16,july_to_august,512,mlp,SHC,scan11,0.1,0.5749,1.3118,0.9
ugr16,july_to_august,512,mlp,SHC,scan44,0.1,0.8168,1.2984,0.9
ugr16,july_to_august,512,mlp,SHC,background,0.2,0.7773,0.8842,0.8
ugr16,july_to_august,512,mlp,SHC,dos,0.2,0.7987,0.7988,0.8
ugr16,july_to_august,512,mlp,SHC,nerisbotnet,0.2,0.7689,1.2534,0.8
ugr16,july_to_august,512,mlp,SHC,scan11,0.2,0.4949,1.0873,0.8
ugr16,july_to_august,512,mlp,SHC,scan44,0.2,0.7129,1.0978,0.8
ugr16,july_to_august,6021,mlp,REC,background,0.05,0.9504,1.1399,0.95
ugr16,july_to_august,6021,mlp,REC,dos,0.05,0.9505,0.9574,0.95
ugr16,july_to_august,6021,mlp,REC,nerisbotnet,0.05,0.9501,1.4787,0.95
ugr16,july_to_august,6021,mlp,REC,scan11,0.05,0.9505,1.8878,0.95
ugr16,july_to_august,6021,mlp,REC,scan44,0.05,0.9501,1.7642,0.95
ugr16,july_to_august,6021,mlp,REC,background,0.1,0.9005,1.058,0.9
ugr16,july_to_august,6021,mlp,REC,dos,0.1,0.9006,0.9026,0.9
ugr16,july_to_august,6021,mlp,REC,nerisbotnet,0.1,0.9016,1.4054,0.9
ugr16,july_to_august,6021,mlp,REC,scan11,0.1,0.9011,1.7563,0.9
ugr16,july_to_august,6021,mlp,REC,scan44,0.1,0.8993,1.6433,0.9
ugr16,july_to_august,6021,mlp,REC,background,0.2,0.7992,0.9206,0.8
ugr16,july_to_august,6021,mlp,REC,dos,0.2,0.802,0.802,0.8
ugr16,july_to_august,6021,mlp,REC,nerisbotnet,0.2,0.8042,1.2879,0.8
ugr16,july_to_august,6021,mlp,REC,scan11,0.2,0.8019,1.5052,0.8
ugr16,july_to_august,6021,mlp,REC,scan44,0.2,0.7994,1.4593,0.8
ugr16,july_to_august,6021,mlp,TSC,background,0.05,0.9503,1.1415,0.95
ugr16,july_to_august,6021,mlp,TSC,dos,0.05,0.9495,0.9564,0.95
ugr16,july_to_august,6021,mlp,TSC,nerisbotnet,0.05,0.9519,1.4803,0.95
ugr16,july_to_august,6021,mlp,TSC,scan11,0.05,0.9512,1.8868,0.95
ugr16,july_to_august,6021,mlp,TSC,scan44,0.05,0.9491,1.764,0.95
ugr16,july_to_august,6021,mlp,TSC,background,0.1,0.9001,1.0586,0.9
ugr16,july_to_august,6021,mlp,TSC,dos,0.1,0.8998,0.9017,0.9
ugr16,july_to_august,6021,mlp,TSC,nerisbotnet,0.1,0.9037,1.4071,0.9
ugr16,july_to_august,6021,mlp,TSC,scan11,0.1,0.9012,1.7559,0.9
ugr16,july_to_august,6021,mlp,TSC,scan44,0.1,0.8992,1.6429,0.9
ugr16,july_to_august,6021,mlp,TSC,background,0.2,0.7986,0.9192,0.8
ugr16,july_to_august,6021,mlp,TSC,dos,0.2,0.8026,0.8026,0.8
ugr16,july_to_august,6021,mlp,TSC,nerisbotnet,0.2,0.8016,1.2852,0.8
ugr16,july_to_august,6021,mlp,TSC,scan11,0.2,0.8,1.502,0.8
ugr16,july_to_august,6021,mlp,TSC,scan44,0.2,0.7981,1.4566,0.8
ugr16,july_to_august,6021,mlp,SHC,background,0.05,0.9446,1.1259,0.95
ugr16,july_to_august,6021,mlp,SHC,dos,0.05,0.9508,0.957,0.95
ugr16,july_to_august,6021,mlp,SHC,nerisbotnet,0.05,0.9438,1.4692,0.95
ugr16,july_to_august,6021,mlp,SHC,scan11,0.05,0.7989,1.6831,0.95
ugr16,july_to_august,6021,mlp,SHC,scan44,0.05,0.9166,1.6112,0.95
ugr16,july_to_august,6021,mlp,SHC,background,0.1,0.8896,1.0389,0.9
ugr16,july_to_august,6021,mlp,SHC,dos,0.1,0.901,0.9024,0.9
ugr16,july_to_august,6021,mlp,SHC,nerisbotnet,0.1,0.8881,1.3869,0.9
ugr16,july_to_august,6021,mlp,SHC,scan11,0.1,0.6653,1.431,0.9
ugr16,july_to_august,6021,mlp,SHC,scan44,0.1,0.8435,1.4127,0.9
ugr16,july_to_august,6021,mlp,SHC,background,0.2,0.7777,0.8874,0.8
ugr16,july_to_august,6021,mlp,SHC,dos,0.2,0.8021,0.8021,0.8
ugr16,july_to_august,6021,mlp,SHC,nerisbotnet,0.2,0.774,1.2529,0.8
ugr16,july_to_august,6021,mlp,SHC,scan11,0.2,0.5054,1.1333,0.8
ugr16,july_to_august,6021,mlp,SHC,scan44,0.2,0.724,1.1486,0.8
ugr16,july_to_august,7,mlp,REC,background,0.05,0.9505,1.1409,0.95
ugr16,july_to_august,7,mlp,REC,dos,0.05,0.9494,0.9525,0.95
ugr16,july_to_august,7,mlp,REC,nerisbotnet,0.05,0.9513,1.4803,0.95
ugr16,july_to_august,7,mlp,REC,scan11,0.05,0.9502,1.9156,0.95
ugr16,july_to_august,7,mlp,REC,scan44,0.05,0.9506,1.7433,0.95
ugr16,july_to_august,7,mlp,REC,background,0.1,0.9014,1.046,0.9
ugr16,july_to_august,7,mlp,REC,dos,0.1,0.9014,0.9015,0.9
ugr16,july_to_august,7,mlp,REC,nerisbotnet,0.1,0.9019,1.4135,0.9
ugr16,july_to_august,7,mlp,REC,scan11,0.1,0.9003,1.779,0.9
ugr16,july_to_august,7,mlp,REC,scan44,0.1,0.9005,1.6358,0.9
ugr16,july_to_august,7,mlp,REC,background,0.2,0.8,0.915,0.8
ugr16,july_to_august,7,mlp,REC,dos,0.2,0.8003,0.8003,0.8
ugr16,july_to_august,7,mlp,REC,nerisbotnet,0.2,0.8009,1.285,0.8
ugr16,july_to_august,7,mlp,REC,scan11,0.2,0.8003,1.478,0.8
ugr16,july_to_august,7,mlp,REC,scan44,0.2,0.8004,1.4515,0.8
ugr16,july_to_august,7,mlp,TSC,background,0.05,0.9505,1.1409,0.95
ugr16,july_to_august,7,mlp,TSC,dos,0.05,0.9489,0.9519,0.95
ugr16,july_to_august,7,mlp,TSC,nerisbotnet,0.05,0.9509,1.4799,0.95
ugr16,july_to_august,7,mlp,TSC,scan11,0.05,0.9507,1.9166,0.95
ugr16,july_to_august,7,mlp,TSC,scan44,0.05,0.952,1.7448,0.95
ugr16,july_to_august,7,mlp,TSC,background,0.1,0.9007,1.0455,0.9
ugr16,july_to_august,7,mlp,TSC,dos,0.1,0.9004,0.9004,0.9
ugr16,july_to_august,7,mlp,TSC,nerisbotnet,0.1,0.9022,1.4137,0.9
ugr16,july_to_august,7,mlp,TSC,scan11,0.1,0.9016,1.7806,0.9
ugr16,july_to_august,7,mlp,TSC,scan44,0.1,0.9007,1.6363,0.9
ugr16,july_to_august,7,mlp,TSC,background,0.2,0.8002,0.9149,0.8
ugr16,july_to_august,7,mlp,TSC,dos,0.2,0.8009,0.8009,0.8
ugr16,july_to_august,7,mlp,TSC,nerisbotnet,0.2,0.799,1.2833,0.8
ugr16,july_to_august,7,mlp,TSC,scan11,0.2,0.8023,1.4853,0.8
ugr16,july_to_august,7,mlp,TSC,scan44,0.2,0.8039,1.4565,0.8
ugr16,july_to_august,7,mlp,SHC,background,0.05,0.9433,1.1231,0.95
ugr16,july_to_august,7,mlp,SHC,dos,0.05,0.9516,0.9541,0.95
ugr16,july_to_august,7,mlp,SHC,nerisbotnet,0.05,0.944,1.4701,0.95
ugr16,july_to_august,7,mlp,SHC,scan11,0.05,0.7507,1.5761,0.95
ugr16,july_to_august,7,mlp,SHC,scan44,0.05,0.8746,1.5318,0.95
ugr16,july_to_august,7,mlp,SHC,background,0.1,0.8899,1.028,0.9
ugr16,july_to_august,7,mlp,SHC,dos,0.1,0.9038,0.9038,0.9
ugr16,july_to_august,7,mlp,SHC,nerisbotnet,0.1,0.8878,1.3951,0.9
ugr16,july_to_august,7,mlp,SHC,scan11,0.1,0.6927,1.3813,0.9
ugr16,july_to_august,7,mlp,SHC,scan44,0.1,0.8072,1.3905,0.9
ugr16,july_to_august,7,mlp,SHC,background,0.2,0.7783,0.8836,0.8
ugr16,july_to_august,7,mlp,SHC,dos,0.2,0.8025,0.8025,0.8
ugr16,july_to_august,7,mlp,SHC,nerisbotnet,0.2,0.771,1.2529,0.8
ugr16,july_to_august,7,mlp,SHC,scan11,0.2,0.5945,1.1876,0.8
ugr16,july_to_august,7,mlp,SHC,scan44,0.2,0.7123,1.1886,0.8
ugr16,july_to_august,88,mlp,REC,background,0.05,0.951,1.1414,0.95
ugr16,july_to_august,88,mlp,REC,dos,0.05,0.9498,0.9544,0.95
ugr16,july_to_august,88,mlp,REC,nerisbotnet,0.05,0.9502,1.4881,0.95
ugr16,july_to_august,88,mlp,REC,scan11,0.05,0.9501,1.8763,0.95
ugr16,july_to_august,88,mlp,REC,scan44,0.05,0.9516,1.7186,0.95
ugr16,july_to_august,88,mlp,REC,background,0.1,0.9012,1.0611,0.9
ugr16,july_to_august,88,mlp,REC,dos,0.1,0.8992,0.9019,0.9
ugr16,july_to_august,88,mlp,REC,nerisbotnet,0.1,0.901,1.4197,0.9
ugr16,july_to_august,88,mlp,REC,scan11,0.1,0.8988,1.7543,0.9
ugr16,july_to_august,88,mlp,REC,scan44,0.1,0.8995,1.6168,0.9
ugr16,july_to_august,88,mlp,REC,background,0.2,0.8003,0.9199,0.8
ugr16,july_to_august,88,mlp,REC,dos,0.2,0.7989,0.7989,0.8
ugr16,july_to_august,88,mlp,REC,nerisbotnet,0.2,0.7996,1.2909,0.8
ugr16,july_to_august,88,mlp,REC,scan11,0.2,0.7997,1.5071,0.8
ugr16,july_to_august,88,mlp,REC,scan44,0.2,0.7995,1.4463,0.8
ugr16,july_to_august,88,mlp,TSC,background,0.05,0.9504,1.1403,0.95
ugr16,july_to_august,88,mlp,TSC,dos,0.05,0.9514,0.9559,0.95
ugr16,july_to_august,88,mlp,TSC,nerisbotnet,0.05,0.9493,1.487,0.95
ugr16,july_to_august,88,mlp,TSC,scan11,0.05,0.9513,1.879,0.95
ugr16,july_to_august,88,mlp,TSC,scan44,0.05,0.9531,1.7215,0.95
ugr16,july_to_august,88,mlp,TSC,background,0.1,0.9001,1.0602,0.9
ugr16,july_to_august,88,mlp,TSC,dos,0.1,0.9025,0.9052,0.9
ugr16,july_to_august,88,mlp,TSC,nerisbotnet,0.1,0.901,1.4192,0.9
ugr16,july_to_august,88,mlp,TSC,scan11,0.1,0.9018,1.7621,0.9
ugr16,july_to_august,88,mlp,TSC,scan44,0.1,0.9031,1.6226,0.9
ugr16,july_to_august,88,mlp,TSC,background,0.2,0.7984,0.918,0.8
ugr16,july_to_august,88,mlp,TSC,dos,0.2,0.8037,0.8037,0.8
ugr16,july_to_august,88,mlp,TSC,nerisbotnet,0.2,0.7988,1.2897,0.8
ugr16,july_to_august,88,mlp,TSC,scan11,0.2,0.8,1.5124,0.8
ugr16,july_to_august,88,mlp,TSC,scan44,0.2,0.8036,1.4506,0.8
ugr16,july_to_august,88,mlp,SHC,background,0.05,0.9432,1.1282,0.95
ugr16,july_to_august,88,mlp,SHC,dos,0.05,0.9513,0.9555,0.95
ugr16,july_to_august,88,mlp,SHC,nerisbotnet,0.05,0.9446,1.4797,0.95
ugr16,july_to_august,88,mlp,SHC,scan11,0.05,0.8236,1.6465,0.95
ugr16,july_to_august,88,mlp,SHC,scan44,0.05,0.8799,1.5485,0.95
ugr16,july_to_august,88,mlp,SHC,background,0.1,0.888,1.0379,0.9
ugr16,july_to_august,88,mlp,SHC,dos,0.1,0.9017,0.9039,0.9
ugr16,july_to_august,88,mlp,SHC,nerisbotnet,0.1,0.8862,1.4,0.9
ugr16,july_to_august,88,mlp,SHC,scan11,0.1,0.7052,1.44,0.9
ugr16,july_to_august,88,mlp,SHC,scan44,0.1,0.8216,1.4121,0.9
ugr16,july_to_august,88,mlp,SHC,background,0.2,0.7781,0.8872,0.8
ugr16,july_to_august,88,mlp,SHC,dos,0.2,0.8019,0.8019,0.8
ugr16,july_to_august,88,mlp,SHC,nerisbotnet,0.2,0.7693,1.2572,0.8
ugr16,july_to_august,88,mlp,SHC,scan11,0.2,0.5227,1.1188,0.8
ugr16,july_to_august,88,mlp,SHC,scan44,0.2,0.7125,1.1608,0.8
ugr16,july_to_august,91,mlp,REC,background,0.05,0.9503,1.1372,0.95
ugr16,july_to_august,91,mlp,REC,dos,0.05,0.9503,0.96,0.95
ugr16,july_to_august,91,mlp,REC,nerisbotnet,0.05,0.9498,1.4656,0.95
ugr16,july_to_august,91,mlp,REC,scan11,0.05,0.95,1.9529,0.95
ugr16,july_to_august,91,mlp,REC,scan44,0.05,0.9497,1.7212,0.95
ugr16,july_to_august,91,mlp,REC,background,0.1,0.9006,1.0523,0.9
ugr16,july_to_august,91,mlp,REC,dos,0.1,0.899,0.9063,0.9
ugr16,july_to_august,91,mlp,REC,nerisbotnet,0.1,0.8996,1.404,0.9
ugr16,july_to_august,91,mlp,REC,scan11,0.1,0.8991,1.8119,0.9
ugr16,july_to_august,91,mlp,REC,scan44,0.1,0.9007,1.6098,0.9
ugr16,july_to_august,91,mlp,REC,background,0.2,0.8012,0.9215,0.8
ugr16,july_to_august,91,mlp,REC,dos,0.2,0.8002,0.803,0.8
ugr16,july_to_august,91,mlp,REC,nerisbotnet,0.2,0.7989,1.2828,0.8
ugr16,july_to_august,91,mlp,REC,scan11,0.2,0.7992,1.5052,0.8
ugr16,july_to_august,91,mlp,REC,scan44,0.2,0.8,1.4164,0.8
ugr16,july_to_august,91,mlp,TSC,background,0.05,0.95,1.1373,0.95
ugr16,july_to_august,91,mlp,TSC,dos,0.05,0.9513,0.961,0.95
ugr16,july_to_august,91,mlp,TSC,nerisbotnet,0.05,0.9502,1.466,0.95
ugr16,july_to_august,91,mlp,TSC,scan11,0.05,0.9493,1.9522,0.95
ugr16,july_to_august,91,mlp,TSC,scan44,0.05,0.9495,1.7204,0.95
ugr16,july_to_august,91,mlp,TSC,background,0.1,0.9,1.0526,0.9
ugr16,july_to_august,91,mlp,TSC,dos,0.1,0.9006,0.9078,0.9
ugr16,july_to_august,91,mlp,TSC,nerisbotnet,0.1,0.9012,1.4055,0.9
ugr16,july_to_august,91,mlp,TSC,scan11,0.1,0.898,1.8106,0.9
ugr16,july_to_august,91,mlp,TSC,scan44,0.1,0.9007,1.6087,0.9
ugr16,july_to_august,91,mlp,TSC,background,0.2,0.8004,0.9215,0.8
ugr16,july_to_august,91,mlp,TSC,dos,0.2,0.7994,0.8022,0.8
ugr16,july_to_august,91,mlp,TSC,nerisbotnet,0.2,0.8011,1.285,0.8
ugr16,july_to_august,91,mlp,TSC,scan11,0.2,0.8001,1.5066,0.8
ugr16,july_to_august,91,mlp,TSC,scan44,0.2,0.8007,1.4183,0.8
ugr16,july_to_august,91,mlp,SHC,background,0.05,0.9442,1.1211,0.95
ugr16,july_to_august,91,mlp,SHC,dos,0.05,0.951,0.9603,0.95
ugr16,july_to_august,91,mlp,SHC,nerisbotnet,0.05,0.9438,1.4579,0.95
ugr16,july_to_august,91,mlp,SHC,scan11,0.05,0.849,1.7041,0.95
ugr16,july_to_august,91,mlp,SHC,scan44,0.05,0.8693,1.5409,0.95
ugr16,july_to_august,91,mlp,SHC,background,0.1,0.8887,1.0335,0.9
ugr16,july_to_august,91,mlp,SHC,dos,0.1,0.9007,0.9074,0.9
ugr16,july_to_august,91,mlp,SHC,nerisbotnet,0.1,0.8862,1.3882,0.9
ugr16,july_to_august,91,mlp,SHC,scan11,0.1,0.7722,1.4867,0.9
ugr16,july_to_august,91,mlp,SHC,scan44,0.1,0.805,1.4044,0.9
ugr16,july_to_august,91,mlp,SHC,background,0.2,0.7784,0.8893,0.8
ugr16,july_to_august,91,mlp,SHC,dos,0.2,0.8014,0.8033,0.8
ugr16,july_to_august,91,mlp,SHC,nerisbotnet,0.2,0.7706,1.251,0.8
ugr16,july_to_august,91,mlp,SHC,scan11,0.2,0.6242,1.254,0.8
ugr16,july_to_august,91,mlp,SHC,scan44,0.2,0.7211,1.1955,0.8
ugr16,july_to_august,12345,rf,REC,background,0.05,0.9503,1.9551,0.95
ugr16,july_to_august,12345,rf,REC,dos,0.05,0.9506,1.9507,0.95
ugr16,july_to_august,12345,rf,REC,nerisbotnet,0.05,0.9491,1.9624,0.95
ugr16,july_to_august,12345,rf,REC,scan11,0.05,0.9491,1.9506,0.95
ugr16,july_to_august,12345,rf,REC,scan44,0.05,1.0,1.7746,0.95
ugr16,july_to_august,12345,rf,REC,background,0.1,0.9005,1.9044,0.9
ugr16,july_to_august,12345,rf,REC,dos,0.1,0.9007,1.9007,0.9
ugr16,july_to_august,12345,rf,REC,nerisbotnet,0.1,0.9014,1.9047,0.9
ugr16,july_to_august,12345,rf,REC,scan11,0.1,0.9009,1.902,0.9
ugr16,july_to_august,12345,rf,REC,scan44,0.1,1.0,1.7286,0.9
ugr16,july_to_august,12345,rf,REC,background,0.2,0.8007,0.8089,0.8
ugr16,july_to_august,12345,rf,REC,dos,0.2,0.8001,0.8001,0.8
ugr16,july_to_august,12345,rf,REC,nerisbotnet,0.2,0.8024,0.8141,0.8
ugr16,july_to_august,12345,rf,REC,scan11,0.2,0.8003,1.479,0.8
ugr16,july_to_august,12345,rf,REC,scan44,0.2,0.8005,1.4383,0.8
ugr16,july_to_august,12345,rf,TSC,background,0.05,0.9507,1.9555,0.95
ugr16,july_to_august,12345,rf,TSC,dos,0.05,0.9512,1.9513,0.95
ugr16,july_to_august,12345,rf,TSC,nerisbotnet,0.05,0.9496,1.9633,0.95
ugr16,july_to_august,12345,rf,TSC,scan11,0.05,0.9509,1.9524,0.95
ugr16,july_to_august,12345,rf,TSC,scan44,0.05,1.0,1.7762,0.95
ugr16,july_to_august,12345,rf,TSC,background,0.1,0.9013,1.9051,0.9
ugr16,july_to_august,12345,rf,TSC,dos,0.1,0.9013,1.9013,0.9
ugr16,july_to_august,12345,rf,TSC,nerisbotnet,0.1,0.9003,1.9036,0.9
ugr16,july_to_august,12345,rf,TSC,scan11,0.1,0.9017,1.9028,0.9
ugr16,july_to_august,12345,rf,TSC,scan44,0.1,1.0,1.7289,0.9
ugr16,july_to_august,12345,rf,TSC,background,0.2,0.8023,0.8104,0.8
ugr16,july_to_august,12345,rf,TSC,dos,0.2,0.7987,0.7987,0.8
ugr16,july_to_august,12345,rf,TSC,nerisbotnet,0.2,0.8002,0.8119,0.8
ugr16,july_to_august,12345,rf,TSC,scan11,0.2,0.8004,1.4803,0.8
ugr16,july_to_august,12345,rf,TSC,scan44,0.2,0.8007,1.4378,0.8
ugr16,july_to_august,12345,rf,SHC,background,0.05,0.9522,0.9563,0.95
ugr16,july_to_august,12345,rf,SHC,dos,0.05,0.9487,0.9489,0.95
ugr16,july_to_august,12345,rf,SHC,nerisbotnet,0.05,0.9476,0.9743,0.95
ugr16,july_to_august,12345,rf,SHC,scan11,0.05,0.3812,0.9639,0.95
ugr16,july_to_august,12345,rf,SHC,scan44,0.05,0.7054,0.9613,0.95
ugr16,july_to_august,12345,rf,SHC,background,0.1,0.9024,0.9058,0.9
ugr16,july_to_august,12345,rf,SHC,dos,0.1,0.8974,0.8974,0.9
ugr16,july_to_august,12345,rf,SHC,nerisbotnet,0.1,0.8995,0.9146,0.9
ugr16,july_to_august,12345,rf,SHC,scan11,0.1,0.3611,0.9112,0.9
ugr16,july_to_august,12345,rf,SHC,scan44,0.1,0.6675,0.9088,0.9
ugr16,july_to_august,12345,rf,SHC,background,0.2,0.804,0.8066,0.8
ugr16,july_to_august,12345,rf,SHC,dos,0.2,0.7965,0.7965,0.8
ugr16,july_to_august,12345,rf,SHC,nerisbotnet,0.2,0.7991,0.8097,0.8
ugr16,july_to_august,12345,rf,SHC,scan11,0.2,0.3203,0.8086,0.8
ugr16,july_to_august,12345,rf,SHC,scan44,0.2,0.5929,0.8057,0.8
ugr16,july_to_august,1337,rf,REC,background,0.05,0.9499,1.8715,0.95
ugr16,july_to_august,1337,rf,REC,dos,0.05,0.9511,1.9513,0.95
ugr16,july_to_august,1337,rf,REC,nerisbotnet,0.05,0.9513,1.9965,0.95
ugr16,july_to_august,1337,rf,REC,scan11,0.05,0.9509,1.9524,0.95
ugr16,july_to_august,1337,rf,REC,scan44,0.05,0.9999,1.7733,0.95
ugr16,july_to_august,1337,rf,REC,background,0.1,0.8994,1.1832,0.9
ugr16,july_to_august,1337,rf,REC,dos,0.1,0.9021,1.2021,0.9
ugr16,july_to_august,1337,rf,REC,nerisbotnet,0.1,0.902,1.2173,0.9
ugr16,july_to_august,1337,rf,REC,scan11,0.1,0.9008,1.7878,0.9
ugr16,july_to_august,1337,rf,REC,scan44,0.1,0.93,1.655,0.9
ugr16,july_to_august,1337,rf,REC,background,0.2,0.8004,0.8094,0.8
ugr16,july_to_august,1337,rf,REC,dos,0.2,0.8008,0.8008,0.8
ugr16,july_to_august,1337,rf,REC,nerisbotnet,0.2,0.8015,0.8122,0.8
ugr16,july_to_august,1337,rf,REC,scan11,0.2,0.8011,1.4641,0.8
ugr16,july_to_august,1337,rf,REC,scan44,0.2,0.7993,1.4327,0.8
ugr16,july_to_august,1337,rf,TSC,background,0.05,0.95,1.8716,0.95
ugr16,july_to_august,1337,rf,TSC,dos,0.05,0.95,1.9502,0.95
ugr16,july_to_august,1337,rf,TSC,nerisbotnet,0.05,0.9508,1.9961,0.95
ugr16,july_to_august,1337,rf,TSC,scan11,0.05,0.9514,1.9528,0.95
ugr16,july_to_august,1337,rf,TSC,scan44,0.05,0.9999,1.7736,0.95
ugr16,july_to_august,1337,rf,TSC,background,0.1,0.899,1.2735,0.9
ugr16,july_to_august,1337,rf,TSC,dos,0.1,0.9013,1.3013,0.9
ugr16,july_to_august,1337,rf,TSC,nerisbotnet,0.1,0.9015,1.3166,0.9
ugr16,july_to_august,1337,rf,TSC,scan11,0.1,0.9026,1.8062,0.9
ugr16,july_to_august,1337,rf,TSC,scan44,0.1,0.9395,1.6665,0.9
ugr16,july_to_august,1337,rf,TSC,background,0.2,0.7984,0.8075,0.8
ugr16,july_to_august,1337,rf,TSC,dos,0.2,0.7983,0.7983,0.8
ugr16,july_to_august,1337,rf,TSC,nerisbotnet,0.2,0.8038,0.8144,0.8
ugr16,july_to_august,1337,rf,TSC,scan11,0.2,0.8039,1.472,0.8
ugr16,july_to_august,1337,rf,TSC,scan44,0.2,0.8023,1.4379,0.8
ugr16,july_to_august,1337,rf,SHC,background,0.05,0.9512,0.9555,0.95
ugr16,july_to_august,1337,rf,SHC,dos,0.05,0.9516,0.9519,0.95
ugr16,july_to_august,1337,rf,SHC,nerisbotnet,0.05,0.9493,0.999,0.95
ugr16,july_to_august,1337,rf,SHC,scan11,0.05,0.3823,0.9674,0.95
ugr16,july_to_august,1337,rf,SHC,scan44,0.05,0.7073,0.9629,0.95
ugr16,july_to_august,1337,rf,SHC,background,0.1,0.9009,0.9042,0.9
ugr16,july_to_august,1337,rf,SHC,dos,0.1,0.902,0.902,0.9
ugr16,july_to_august,1337,rf,SHC,nerisbotnet,0.1,0.9014,0.9161,0.9
ugr16,july_to_august,1337,rf,SHC,scan11,0.1,0.3598,0.9129,0.9
ugr16,july_to_august,1337,rf,SHC,scan44,0.1,0.67,0.9095,0.9
ugr16,july_to_august,1337,rf,SHC,background,0.2,0.801,0.8039,0.8
ugr16,july_to_august,1337,rf,SHC,dos,0.2,0.8016,0.8016,0.8
ugr16,july_to_august,1337,rf,SHC,nerisbotnet,0.2,0.803,0.8125,0.8
ugr16,july_to_august,1337,rf,SHC,scan11,0.2,0.3179,0.8098,0.8
ugr16,july_to_august,1337,rf,SHC,scan44,0.2,0.5959,0.8084,0.8
ugr16,july_to_august,2024,rf,REC,background,0.05,0.9498,1.9555,0.95
ugr16,july_to_august,2024,rf,REC,dos,0.05,0.9503,1.9506,0.95
ugr16,july_to_august,2024,rf,REC,nerisbotnet,0.05,0.9498,1.9917,0.95
ugr16,july_to_august,2024,rf,REC,scan11,0.05,0.95,1.9515,0.95
ugr16,july_to_august,2024,rf,REC,scan44,0.05,0.9999,1.7679,0.95
ugr16,july_to_august,2024,rf,REC,background,0.1,0.9,1.9047,0.9
ugr16,july_to_august,2024,rf,REC,dos,0.1,0.9011,1.9011,0.9
ugr16,july_to_august,2024,rf,REC,nerisbotnet,0.1,0.8987,1.9138,0.9
ugr16,july_to_august,2024,rf,REC,scan11,0.1,0.8998,1.901,0.9
ugr16,july_to_august,2024,rf,REC,scan44,0.1,0.9999,1.7177,0.9
ugr16,july_to_august,2024,rf,REC,background,0.2,0.8,0.8055,0.8
ugr16,july_to_august,2024,rf,REC,dos,0.2,0.8038,0.8038,0.8
ugr16,july_to_august,2024,rf,REC,nerisbotnet,0.2,0.8009,0.8127,0.8
ugr16,july_to_august,2024,rf,REC,scan11,0.2,0.8024,1.4802,0.8
ugr16,july_to_august,2024,rf,REC,scan44,0.2,0.8011,1.424,0.8
ugr16,july_to_august,2024,rf,TSC,background,0.05,0.9505,1.9561,0.95
ugr16,july_to_august,2024,rf,TSC,dos,0.05,0.9502,1.9505,0.95
ugr16,july_to_august,2024,rf,TSC,nerisbotnet,0.05,0.9487,1.9922,0.95
ugr16,july_to_august,2024,rf,TSC,scan11,0.05,0.9513,1.9528,0.95
ugr16,july_to_august,2024,rf,TSC,scan44,0.05,0.9999,1.7696,0.95
ugr16,july_to_august,2024,rf,TSC,background,0.1,0.9016,1.9063,0.9
ugr16,july_to_august,2024,rf,TSC,dos,0.1,0.9015,1.9015,0.9
ugr16,july_to_august,2024,rf,TSC,nerisbotnet,0.1,0.8995,1.9148,0.9
ugr16,july_to_august,2024,rf,TSC,scan11,0.1,0.9007,1.9018,0.9
ugr16,july_to_august,2024,rf,TSC,scan44,0.1,0.9999,1.7182,0.9
ugr16,july_to_august,2024,rf,TSC,background,0.2,0.8014,0.8068,0.8
ugr16,july_to_august,2024,rf,TSC,dos,0.2,0.803,0.803,0.8
ugr16,july_to_august,2024,rf,TSC,nerisbotnet,0.2,0.7992,0.8111,0.8
ugr16,july_to_august,2024,rf,TSC,scan11,0.2,0.7992,1.4735,0.8
ugr16,july_to_august,2024,rf,TSC,scan44,0.2,0.7971,1.4169,0.8
ugr16,july_to_august,2024,rf,SHC,background,0.05,0.9514,0.9553,0.95
ugr16,july_to_august,2024,rf,SHC,dos,0.05,0.9495,0.9498,0.95
ugr16,july_to_august,2024,rf,SHC,nerisbotnet,0.05,0.9478,0.9926,0.95
ugr16,july_to_august,2024,rf,SHC,scan11,0.05,0.3841,0.97,0.95
ugr16,july_to_august,2024,rf,SHC,scan44,0.05,0.7052,0.966,0.95
ugr16,july_to_august,2024,rf,SHC,background,0.1,0.9031,0.9062,0.9
ugr16,july_to_august,2024,rf,SHC,dos,0.1,0.9013,0.9013,0.9
ugr16,july_to_august,2024,rf,SHC,nerisbotnet,0.1,0.8993,0.9143,0.9
ugr16,july_to_august,2024,rf,SHC,scan11,0.1,0.3598,0.9145,0.9
ugr16,july_to_august,2024,rf,SHC,scan44,0.1,0.6669,0.9107,0.9
ugr16,july_to_august,2024,rf,SHC,background,0.2,0.8024,0.8049,0.8
ugr16,july_to_august,2024,rf,SHC,dos,0.2,0.8019,0.8019,0.8
ugr16,july_to_august,2024,rf,SHC,nerisbotnet,0.2,0.8007,0.812,0.8
ugr16,july_to_august,2024,rf,SHC,scan11,0.2,0.3174,0.8092,0.8
ugr16,july_to_august,2024,rf,SHC,scan44,0.2,0.5886,0.8044,0.8
ugr16,july_to_august,3407,rf,REC,background,0.05,0.9503,1.9578,0.95
ugr16,july_to_august,3407,rf,REC,dos,0.05,0.9504,1.9506,0.95
ugr16,july_to_august,3407,rf,REC,nerisbotnet,0.05,0.9502,1.9923,0.95
ugr16,july_to_august,3407,rf,REC,scan11,0.05,0.9499,1.9513,0.95
ugr16,july_to_august,3407,rf,REC,scan44,0.05,1.0,1.7711,0.95
ugr16,july_to_august,3407,rf,REC,background,0.1,0.9012,1.9076,0.9
ugr16,july_to_august,3407,rf,REC,dos,0.1,0.8989,1.8989,0.9
ugr16,july_to_august,3407,rf,REC,nerisbotnet,0.1,0.8995,1.9131,0.9
ugr16,july_to_august,3407,rf,REC,scan11,0.1,0.9003,1.9015,0.9
ugr16,july_to_august,3407,rf,REC,scan44,0.1,1.0,1.7225,0.9
ugr16,july_to_august,3407,rf,REC,background,0.2,0.8004,0.8072,0.8
ugr16,july_to_august,3407,rf,REC,dos,0.2,0.7968,0.7968,0.8
ugr16,july_to_august,3407,rf,REC,nerisbotnet,0.2,0.7966,0.8079,0.8
ugr16,july_to_august,3407,rf,REC,scan11,0.2,0.8021,1.4749,0.8
ugr16,july_to_august,3407,rf,REC,scan44,0.2,0.8,1.4289,0.8
ugr16,july_to_august,3407,rf,TSC,background,0.05,0.9506,1.958,0.95
ugr16,july_to_august,3407,rf,TSC,dos,0.05,0.9509,1.9511,0.95
ugr16,july_to_august,3407,rf,TSC,nerisbotnet,0.05,0.9492,1.9924,0.95
ugr16,july_to_august,3407,rf,TSC,scan11,0.05,0.9504,1.9519,0.95
ugr16,july_to_august,3407,rf,TSC,scan44,0.05,1.0,1.7719,0.95
ugr16,july_to_august,3407,rf,TSC,background,0.1,0.9012,1.9077,0.9
ugr16,july_to_august,3407,rf,TSC,dos,0.1,0.9015,1.9015,0.9
ugr16,july_to_august,3407,rf,TSC,nerisbotnet,0.1,0.8986,1.9121,0.9
ugr16,july_to_august,3407,rf,TSC,scan11,0.1,0.9016,1.9028,0.9
ugr16,july_to_august,3407,rf,TSC,scan44,0.1,1.0,1.7236,0.9
ugr16,july_to_august,3407,rf,TSC,background,0.2,0.8009,0.8077,0.8
ugr16,july_to_august,3407,rf,TSC,dos,0.2,0.8008,0.8008,0.8
ugr16,july_to_august,3407,rf,TSC,nerisbotnet,0.2,0.7988,0.8101,0.8
ugr16,july_to_august,3407,rf,TSC,scan11,0.2,0.8022,1.476,0.8
ugr16,july_to_august,3407,rf,TSC,scan44,0.2,0.8004,1.4295,0.8
ugr16,july_to_august,3407,rf,SHC,background,0.05,0.9511,0.9555,0.95
ugr16,july_to_august,3407,rf,SHC,dos,0.05,0.9504,0.9507,0.95
ugr16,july_to_august,3407,rf,SHC,nerisbotnet,0.05,0.9504,0.9931,0.95
ugr16,july_to_august,3407,rf,SHC,scan11,0.05,0.3824,0.9677,0.95
ugr16,july_to_august,3407,rf,SHC,scan44,0.05,0.7063,0.9642,0.95
ugr16,july_to_august,3407,rf,SHC,background,0.1,0.9023,0.9058,0.9
ugr16,july_to_august,3407,rf,SHC,dos,0.1,0.9002,0.9002,0.9
ugr16,july_to_august,3407,rf,SHC,nerisbotnet,0.1,0.9002,0.9124,0.9
ugr16,july_to_august,3407,rf,SHC,scan11,0.1,0.3598,0.9138,0.9
ugr16,july_to_august,3407,rf,SHC,scan44,0.1,0.6686,0.9112,0.9
ugr16,july_to_august,3407,rf,SHC,background,0.2,0.8014,0.8042,0.8
ugr16,july_to_august,3407,rf,SHC,dos,0.2,0.7981,0.7981,0.8
ugr16,july_to_august,3407,rf,SHC,nerisbotnet,0.2,0.8005,0.8105,0.8
ugr16,july_to_august,3407,rf,SHC,scan11,0.2,0.3188,0.812,0.8
ugr16,july_to_august,3407,rf,SHC,scan44,0.2,0.5941,0.8091,0.8
ugr16,july_to_august,42,rf,REC,background,0.05,0.9501,1.9573,0.95
ugr16,july_to_august,42,rf,REC,dos,0.05,0.9503,1.9503,0.95
ugr16,july_to_august,42,rf,REC,nerisbotnet,0.05,0.951,1.9894,0.95
ugr16,july_to_august,42,rf,REC,scan11,0.05,0.9503,1.9517,0.95
ugr16,july_to_august,42,rf,REC,scan44,0.05,1.0,1.776,0.95
ugr16,july_to_august,42,rf,REC,background,0.1,0.9,0.9085,0.9
ugr16,july_to_august,42,rf,REC,dos,0.1,0.9003,0.9003,0.9
ugr16,july_to_august,42,rf,REC,nerisbotnet,0.1,0.9017,0.9174,0.9
ugr16,july_to_august,42,rf,REC,scan11,0.1,0.901,1.8031,0.9
ugr16,july_to_august,42,rf,REC,scan44,0.1,0.8997,1.6265,0.9
ugr16,july_to_august,42,rf,REC,background,0.2,0.8004,0.8068,0.8
ugr16,july_to_august,42,rf,REC,dos,0.2,0.8004,0.8004,0.8
ugr16,july_to_august,42,rf,REC,nerisbotnet,0.2,0.802,0.8125,0.8
ugr16,july_to_august,42,rf,REC,scan11,0.2,0.7989,1.5058,0.8
ugr16,july_to_august,42,rf,REC,scan44,0.2,0.8,1.4272,0.8
ugr16,july_to_august,42,rf,TSC,background,0.05,0.95,1.9572,0.95
ugr16,july_to_august,42,rf,TSC,dos,0.05,0.9506,1.9506,0.95
ugr16,july_to_august,42,rf,TSC,nerisbotnet,0.05,0.95,1.9883,0.95
ugr16,july_to_august,42,rf,TSC,scan11,0.05,0.9502,1.9517,0.95
ugr16,july_to_august,42,rf,TSC,scan44,0.05,1.0,1.7762,0.95
ugr16,july_to_august,42,rf,TSC,background,0.1,0.8998,0.9082,0.9
ugr16,july_to_august,42,rf,TSC,dos,0.1,0.9001,0.9001,0.9
ugr16,july_to_august,42,rf,TSC,nerisbotnet,0.1,0.9017,0.9173,0.9
ugr16,july_to_august,42,rf,TSC,scan11,0.1,0.9018,1.8021,0.9
ugr16,july_to_august,42,rf,TSC,scan44,0.1,0.8988,1.6264,0.9
ugr16,july_to_august,42,rf,TSC,background,0.2,0.8007,0.8071,0.8
ugr16,july_to_august,42,rf,TSC,dos,0.2,0.8004,0.8004,0.8
ugr16,july_to_august,42,rf,TSC,nerisbotnet,0.2,0.8017,0.8122,0.8
ugr16,july_to_august,42,rf,TSC,scan11,0.2,0.801,1.5092,0.8
ugr16,july_to_august,42,rf,TSC,scan44,0.2,0.8004,1.43,0.8
ugr16,july_to_august,42,rf,SHC,background,0.05,0.9513,0.9554,0.95
ugr16,july_to_august,42,rf,SHC,dos,0.05,0.9511,0.9515,0.95
ugr16,july_to_august,42,rf,SHC,nerisbotnet,0.05,0.9485,0.9878,0.95
ugr16,july_to_august,42,rf,SHC,scan11,0.05,0.3822,0.9673,0.95
ugr16,july_to_august,42,rf,SHC,scan44,0.05,0.7066,0.9645,0.95
ugr16,july_to_august,42,rf,SHC,background,0.1,0.9021,0.9055,0.9
ugr16,july_to_august,42,rf,SHC,dos,0.1,0.9003,0.9003,0.9
ugr16,july_to_august,42,rf,SHC,nerisbotnet,0.1,0.9011,0.9156,0.9
ugr16,july_to_august,42,rf,SHC,scan11,0.1,0.3574,0.9096,0.9
ugr16,july_to_august,42,rf,SHC,scan44,0.1,0.6674,0.9075,0.9
ugr16,july_to_august,42,rf,SHC,background,0.2,0.803,0.8056,0.8
ugr16,july_to_august,42,rf,SHC,dos,0.2,0.8021,0.8021,0.8
ugr16,july_to_august,42,rf,SHC,nerisbotnet,0.2,0.8025,0.812,0.8
ugr16,july_to_august,42,rf,SHC,scan11,0.2,0.317,0.8068,0.8
ugr16,july_to_august,42,rf,SHC,scan44,0.2,0.5927,0.8063,0.8
ugr16,july_to_august,512,rf,REC,background,0.05,0.9497,1.9592,0.95
ugr16,july_to_august,512,rf,REC,dos,0.05,0.9509,1.9501,0.95
ugr16,july_to_august,512,rf,REC,nerisbotnet,0.05,0.9497,1.9817,0.95
ugr16,july_to_august,512,rf,REC,scan11,0.05,0.9506,1.9521,0.95
ugr16,july_to_august,512,rf,REC,scan44,0.05,1.0,1.7742,0.95
ugr16,july_to_august,512,rf,REC,background,0.1,0.8996,1.9077,0.9
ugr16,july_to_august,512,rf,REC,dos,0.1,0.8994,1.8982,0.9
ugr16,july_to_august,512,rf,REC,nerisbotnet,0.1,0.9007,1.9157,0.9
ugr16,july_to_august,512,rf,REC,scan11,0.1,0.9012,1.9024,0.9
ugr16,july_to_august,512,rf,REC,scan44,0.1,1.0,1.7272,0.9
ugr16,july_to_august,512,rf,REC,background,0.2,0.8,0.8087,0.8
ugr16,july_to_august,512,rf,REC,dos,0.2,0.7999,0.7999,0.8
ugr16,july_to_august,512,rf,REC,nerisbotnet,0.2,0.801,0.8116,0.8
ugr16,july_to_august,512,rf,REC,scan11,0.2,0.7992,1.4879,0.8
ugr16,july_to_august,512,rf,REC,scan44,0.2,0.7993,1.4319,0.8
ugr16,july_to_august,512,rf,TSC,background,0.05,0.9502,1.9598,0.95
ugr16,july_to_august,512,rf,TSC,dos,0.05,0.9504,1.9496,0.95
ugr16,july_to_august,512,rf,TSC,nerisbotnet,0.05,0.9506,1.9829,0.95
ugr16,july_to_august,512,rf,TSC,scan11,0.05,0.9498,1.9512,0.95
ugr16,july_to_august,512,rf,TSC,scan44,0.05,1.0,1.774,0.95
ugr16,july_to_august,512,rf,TSC,background,0.1,0.899,1.8073,0.9
ugr16,july_to_august,512,rf,TSC,dos,0.1,0.8987,1.7977,0.9
ugr16,july_to_august,512,rf,TSC,nerisbotnet,0.1,0.8997,1.8147,0.9
ugr16,july_to_august,512,rf,TSC,scan11,0.1,0.8991,1.882,0.9
ugr16,july_to_august,512,rf,TSC,scan44,0.1,0.9885,1.714,0.9
ugr16,july_to_august,512,rf,TSC,background,0.2,0.7987,0.8073,0.8
ugr16,july_to_august,512,rf,TSC,dos,0.2,0.7975,0.7975,0.8
ugr16,july_to_august,512,rf,TSC,nerisbotnet,0.2,0.7995,0.8102,0.8
ugr16,july_to_august,512,rf,TSC,scan11,0.2,0.7983,1.4875,0.8
ugr16,july_to_august,512,rf,TSC,scan44,0.2,0.7995,1.4317,0.8
ugr16,july_to_august,512,rf,SHC,background,0.05,0.9519,0.9564,0.95
ugr16,july_to_august,512,rf,SHC,dos,0.05,0.9501,0.9506,0.95
ugr16,july_to_august,512,rf,SHC,nerisbotnet,0.05,0.9504,0.9834,0.95
ugr16,july_to_august,512,rf,SHC,scan11,0.05,0.3822,0.9678,0.95
ugr16,july_to_august,512,rf,SHC,scan44,0.05,0.7069,0.9652,0.95
ugr16,july_to_august,512,rf,SHC,background,0.1,0.9029,0.9063,0.9
ugr16,july_to_august,512,rf,SHC,dos,0.1,0.9001,0.9001,0.9
ugr16,july_to_august,512,rf,SHC,nerisbotnet,0.1,0.9016,0.9157,0.9
ugr16,july_to_august,512,rf,SHC,scan11,0.1,0.3598,0.913,0.9
ugr16,july_to_august,512,rf,SHC,scan44,0.1,0.6678,0.9106,0.9
ugr16,july_to_august,512,rf,SHC,background,0.2,0.8023,0.8049,0.8
ugr16,july_to_august,512,rf,SHC,dos,0.2,0.8017,0.8017,0.8
ugr16,july_to_august,512,rf,SHC,nerisbotnet,0.2,0.8028,0.8121,0.8
ugr16,july_to_august,512,rf,SHC,scan11,0.2,0.3173,0.808,0.8
ugr16,july_to_august,512,rf,SHC,scan44,0.2,0.5908,0.8049,0.8
ugr16,july_to_august,6021,rf,REC,background,0.05,0.9506,1.0639,0.95
ugr16,july_to_august,6021,rf,REC,dos,0.05,0.9504,1.0505,0.95
ugr16,july_to_august,6021,rf,REC,nerisbotnet,0.05,0.9493,1.0785,0.95
ugr16,july_to_august,6021,rf,REC,scan11,0.05,0.9494,1.9431,0.95
ugr16,july_to_august,6021,rf,REC,scan44,0.05,0.9554,1.7313,0.95
ugr16,july_to_august,6021,rf,REC,background,0.1,0.9006,0.9123,0.9
ugr16,july_to_august,6021,rf,REC,dos,0.1,0.9,0.9,0.9
ugr16,july_to_august,6021,rf,REC,nerisbotnet,0.1,0.901,0.9159,0.9
ugr16,july_to_august,6021,rf,REC,scan11,0.1,0.9011,1.7793,0.9
ugr16,july_to_august,6021,rf,REC,scan44,0.1,0.8999,1.6288,0.9
ugr16,july_to_august,6021,rf,REC,background,0.2,0.8,0.809,0.8
ugr16,july_to_august,6021,rf,REC,dos,0.2,0.7989,0.7989,0.8
ugr16,july_to_august,6021,rf,REC,nerisbotnet,0.2,0.8009,0.811,0.8
ugr16,july_to_august,6021,rf,REC,scan11,0.2,0.7986,1.4701,0.8
ugr16,july_to_august,6021,rf,REC,scan44,0.2,0.7987,1.4325,0.8
ugr16,july_to_august,6021,rf,TSC,background,0.05,0.9503,1.1634,0.95
ugr16,july_to_august,6021,rf,TSC,dos,0.05,0.9501,1.1502,0.95
ugr16,july_to_august,6021,rf,TSC,nerisbotnet,0.05,0.9495,1.1785,0.95
ugr16,july_to_august,6021,rf,TSC,scan11,0.05,0.9482,1.9443,0.95
ugr16,july_to_august,6021,rf,TSC,scan44,0.05,0.9603,1.7352,0.95
ugr16,july_to_august,6021,rf,TSC,background,0.1,0.9008,0.9124,0.9
ugr16,july_to_august,6021,rf,TSC,dos,0.1,0.9003,0.9003,0.9
ugr16,july_to_august,6021,rf,TSC,nerisbotnet,0.1,0.9009,0.9158,0.9
ugr16,july_to_august,6021,rf,TSC,scan11,0.1,0.8997,1.7786,0.9
ugr16,july_to_august,6021,rf,TSC,scan44,0.1,0.9006,1.6283,0.9
ugr16,july_to_august,6021,rf,TSC,background,0.2,0.8,0.809,0.8
ugr16,july_to_august,6021,rf,TSC,dos,0.2,0.8013,0.8013,0.8
ugr16,july_to_august,6021,rf,TSC,nerisbotnet,0.2,0.7998,0.8099,0.8
ugr16,july_to_august,6021,rf,TSC,scan11,0.2,0.7989,1.4713,0.8
ugr16,july_to_august,6021,rf,TSC,scan44,0.2,0.8002,1.434,0.8
ugr16,july_to_august,6021,rf,SHC,background,0.05,0.9518,0.9565,0.95
ugr16,july_to_august,6021,rf,SHC,dos,0.05,0.951,0.9511,0.95
ugr16,july_to_august,6021,rf,SHC,nerisbotnet,0.05,0.9485,0.9771,0.95
ugr16,july_to_august,6021,rf,SHC,scan11,0.05,0.375,0.9583,0.95
ugr16,july_to_august,6021,rf,SHC,scan44,0.05,0.7053,0.961,0.95
ugr16,july_to_august,6021,rf,SHC,background,0.1,0.9027,0.9064,0.9
ugr16,july_to_august,6021,rf,SHC,dos,0.1,0.9014,0.9014,0.9
ugr16,july_to_august,6021,rf,SHC,nerisbotnet,0.1,0.898,0.9117,0.9
ugr16,july_to_august,6021,rf,SHC,scan11,0.1,0.3544,0.9065,0.9
ugr16,july_to_august,6021,rf,SHC,scan44,0.1,0.6686,0.9089,0.9
ugr16,july_to_august,6021,rf,SHC,background,0.2,0.8029,0.8057,0.8
ugr16,july_to_august,6021,rf,SHC,dos,0.2,0.7999,0.7999,0.8
ugr16,july_to_august,6021,rf,SHC,nerisbotnet,0.2,0.7996,0.8087,0.8
ugr16,july_to_august,6021,rf,SHC,scan11,0.2,0.3146,0.8041,0.8
ugr16,july_to_august,6021,rf,SHC,scan44,0.2,0.5936,0.8071,0.8
ugr16,july_to_august,7,rf,REC,background,0.05,0.9502,1.9529,0.95
ugr16,july_to_august,7,rf,REC,dos,0.05,0.9504,1.9506,0.95
ugr16,july_to_august,7,rf,REC,nerisbotnet,0.05,0.949,1.9844,0.95
ugr16,july_to_august,7,rf,REC,scan11,0.05,0.9489,1.9504,0.95
ugr16,july_to_august,7,rf,REC,scan44,0.05,1.0,1.7695,0.95
ugr16,july_to_august,7,rf,REC,background,0.1,0.8997,1.9013,0.9
ugr16,july_to_august,7,rf,REC,dos,0.1,0.9007,1.9007,0.9
ugr16,july_to_august,7,rf,REC,nerisbotnet,0.1,0.8979,1.9127,0.9
ugr16,july_to_august,7,rf,REC,scan11,0.1,0.8991,1.9003,0.9
ugr16,july_to_august,7,rf,REC,scan44,0.1,1.0,1.7223,0.9
ugr16,july_to_august,7,rf,REC,background,0.2,0.7979,0.8037,0.8
ugr16,july_to_august,7,rf,REC,dos,0.2,0.7978,0.7978,0.8
ugr16,july_to_august,7,rf,REC,nerisbotnet,0.2,0.7977,0.8082,0.8
ugr16,july_to_august,7,rf,REC,scan11,0.2,0.7998,1.4989,0.8
ugr16,july_to_august,7,rf,REC,scan44,0.2,0.799,1.4284,0.8
ugr16,july_to_august,7,rf,TSC,background,0.05,0.9493,1.9519,0.95
ugr16,july_to_august,7,rf,TSC,dos,0.05,0.9495,1.9497,0.95
ugr16,july_to_august,7,rf,TSC,nerisbotnet,0.05,0.9485,1.9825,0.95
ugr16,july_to_august,7,rf,TSC,scan11,0.05,0.9496,1.9512,0.95
ugr16,july_to_august,7,rf,TSC,scan44,0.05,1.0,1.7702,0.95
ugr16,july_to_august,7,rf,TSC,background,0.1,0.8984,1.9,0.9
ugr16,july_to_august,7,rf,TSC,dos,0.1,0.8979,1.8979,0.9
ugr16,july_to_august,7,rf,TSC,nerisbotnet,0.1,0.897,1.9117,0.9
ugr16,july_to_august,7,rf,TSC,scan11,0.1,0.8988,1.8999,0.9
ugr16,july_to_august,7,rf,TSC,scan44,0.1,1.0,1.7223,0.9
ugr16,july_to_august,7,rf,TSC,background,0.2,0.7977,0.8036,0.8
ugr16,july_to_august,7,rf,TSC,dos,0.2,0.7978,0.7978,0.8
ugr16,july_to_august,7,rf,TSC,nerisbotnet,0.2,0.7996,0.8101,0.8
ugr16,july_to_august,7,rf,TSC,scan11,0.2,0.8006,1.5011,0.8
ugr16,july_to_august,7,rf,TSC,scan44,0.2,0.8002,1.4306,0.8
ugr16,july_to_august,7,rf,SHC,background,0.05,0.9518,0.956,0.95
ugr16,july_to_august,7,rf,SHC,dos,0.05,0.9502,0.9505,0.95
ugr16,july_to_august,7,rf,SHC,nerisbotnet,0.05,0.9477,0.9865,0.95
ugr16,july_to_august,7,rf,SHC,scan11,0.05,0.3817,0.9659,0.95
ugr16,july_to_august,7,rf,SHC,scan44,0.05,0.707,0.963,0.95
ugr16,july_to_august,7,rf,SHC,background,0.1,0.9021,0.9054,0.9
ugr16,july_to_august,7,rf,SHC,dos,0.1,0.9018,0.9018,0.9
ugr16,july_to_august,7,rf,SHC,nerisbotnet,0.1,0.8987,0.913,0.9
ugr16,july_to_august,7,rf,SHC,scan11,0.1,0.3587,0.9098,0.9
ugr16,july_to_august,7,rf,SHC,scan44,0.1,0.6666,0.9064,0.9
ugr16,july_to_august,7,rf,SHC,background,0.2,0.8007,0.8033,0.8
ugr16,july_to_august,7,rf,SHC,dos,0.2,0.8012,0.8012,0.8
ugr16,july_to_august,7,rf,SHC,nerisbotnet,0.2,0.7995,0.8092,0.8
ugr16,july_to_august,7,rf,SHC,scan11,0.2,0.3173,0.8074,0.8
ugr16,july_to_august,7,rf,SHC,scan44,0.2,0.5918,0.804,0.8
ugr16,july_to_august,88,rf,REC,background,0.05,0.9496,1.9562,0.95
ugr16,july_to_august,88,rf,REC,dos,0.05,0.9528,1.9517,0.95
ugr16,july_to_august,88,rf,REC,nerisbotnet,0.05,0.9502,1.9613,0.95
ugr16,july_to_august,88,rf,REC,scan11,0.05,0.9492,1.9505,0.95
ugr16,july_to_august,88,rf,REC,scan44,0.05,0.9984,1.7676,0.95
ugr16,july_to_august,88,rf,REC,background,0.1,0.8997,1.9046,0.9
ugr16,july_to_august,88,rf,REC,dos,0.1,0.9021,1.9006,0.9
ugr16,july_to_august,88,rf,REC,nerisbotnet,0.1,0.9001,1.8874,0.9
ugr16,july_to_august,88,rf,REC,scan11,0.1,0.8994,1.9004,0.9
ugr16,july_to_august,88,rf,REC,scan44,0.1,0.9984,1.716,0.9
ugr16,july_to_august,88,rf,REC,background,0.2,0.799,0.8053,0.8
ugr16,july_to_august,88,rf,REC,dos,0.2,0.7996,0.7996,0.8
ugr16,july_to_august,88,rf,REC,nerisbotnet,0.2,0.7995,0.8099,0.8
ugr16,july_to_august,88,rf,REC,scan11,0.2,0.7978,1.4757,0.8
ugr16,july_to_august,88,rf,REC,scan44,0.2,0.8014,1.4184,0.8
ugr16,july_to_august,88,rf,TSC,background,0.05,0.9503,1.957,0.95
ugr16,july_to_august,88,rf,TSC,dos,0.05,0.9526,1.9515,0.95
ugr16,july_to_august,88,rf,TSC,nerisbotnet,0.05,0.9509,1.9633,0.95
ugr16,july_to_august,88,rf,TSC,scan11,0.05,0.9508,1.9521,0.95
ugr16,july_to_august,88,rf,TSC,scan44,0.05,0.9984,1.7694,0.95
ugr16,july_to_august,88,rf,TSC,background,0.1,0.9,1.9049,0.9
ugr16,july_to_august,88,rf,TSC,dos,0.1,0.902,1.9006,0.9
ugr16,july_to_august,88,rf,TSC,nerisbotnet,0.1,0.9013,1.8886,0.9
ugr16,july_to_august,88,rf,TSC,scan11,0.1,0.9016,1.9027,0.9
ugr16,july_to_august,88,rf,TSC,scan44,0.1,0.9984,1.7181,0.9
ugr16,july_to_august,88,rf,TSC,background,0.2,0.7997,0.8059,0.8
ugr16,july_to_august,88,rf,TSC,dos,0.2,0.8001,0.8001,0.8
ugr16,july_to_august,88,rf,TSC,nerisbotnet,0.2,0.8005,0.8108,0.8
ugr16,july_to_august,88,rf,TSC,scan11,0.2,0.7978,1.4734,0.8
ugr16,july_to_august,88,rf,TSC,scan44,0.2,0.7992,1.416,0.8
ugr16,july_to_august,88,rf,SHC,background,0.05,0.9515,0.9564,0.95
ugr16,july_to_august,88,rf,SHC,dos,0.05,0.951,0.9514,0.95
ugr16,july_to_august,88,rf,SHC,nerisbotnet,0.05,0.9484,0.9906,0.95
ugr16,july_to_august,88,rf,SHC,scan11,0.05,0.3831,0.9685,0.95
ugr16,july_to_august,88,rf,SHC,scan44,0.05,0.7075,0.9652,0.95
ugr16,july_to_august,88,rf,SHC,background,0.1,0.9019,0.9054,0.9
ugr16,july_to_august,88,rf,SHC,dos,0.1,0.9008,0.9008,0.9
ugr16,july_to_august,88,rf,SHC,nerisbotnet,0.1,0.8992,0.9137,0.9
ugr16,july_to_august,88,rf,SHC,scan11,0.1,0.3638,0.9179,0.9
ugr16,july_to_august,88,rf,SHC,scan44,0.1,0.6702,0.9118,0.9
ugr16,july_to_august,88,rf,SHC,background,0.2,0.8004,0.8033,0.8
ugr16,july_to_august,88,rf,SHC,dos,0.2,0.7998,0.7998,0.8
ugr16,july_to_august,88,rf,SHC,nerisbotnet,0.2,0.8013,0.8108,0.8
ugr16,july_to_august,88,rf,SHC,scan11,0.2,0.3212,0.8124,0.8
ugr16,july_to_august,88,rf,SHC,scan44,0.2,0.5953,0.8092,0.8
ugr16,july_to_august,91,rf,REC,background,0.05,0.95,1.961,0.95
ugr16,july_to_august,91,rf,REC,dos,0.05,0.9487,1.9473,0.95
ugr16,july_to_august,91,rf,REC,nerisbotnet,0.05,0.9512,1.9835,0.95
ugr16,july_to_august,91,rf,REC,scan11,0.05,0.9482,1.9499,0.95
ugr16,july_to_august,91,rf,REC,scan44,0.05,0.9998,1.7733,0.95
ugr16,july_to_august,91,rf,REC,background,0.1,0.8998,1.9094,0.9
ugr16,july_to_august,91,rf,REC,dos,0.1,0.8986,1.897,0.9
ugr16,july_to_august,91,rf,REC,nerisbotnet,0.1,0.9006,1.9144,0.9
ugr16,july_to_august,91,rf,REC,scan11,0.1,0.8961,1.8975,0.9
ugr16,july_to_august,91,rf,REC,scan44,0.1,0.9998,1.7233,0.9
ugr16,july_to_august,91,rf,REC,background,0.2,0.7998,0.8091,0.8
ugr16,july_to_august,91,rf,REC,dos,0.2,0.798,0.798,0.8
ugr16,july_to_august,91,rf,REC,nerisbotnet,0.2,0.7996,0.8106,0.8
ugr16,july_to_august,91,rf,REC,scan11,0.2,0.7988,1.4768,0.8
ugr16,july_to_august,91,rf,REC,scan44,0.2,0.8006,1.4272,0.8
ugr16,july_to_august,91,rf,TSC,background,0.05,0.9494,1.9604,0.95
ugr16,july_to_august,91,rf,TSC,dos,0.05,0.9511,1.9498,0.95
ugr16,july_to_august,91,rf,TSC,nerisbotnet,0.05,0.9502,1.9815,0.95
ugr16,july_to_august,91,rf,TSC,scan11,0.05,0.9504,1.952,0.95
ugr16,july_to_august,91,rf,TSC,scan44,0.05,0.9998,1.7749,0.95
ugr16,july_to_august,91,rf,TSC,background,0.1,0.8987,1.9083,0.9
ugr16,july_to_august,91,rf,TSC,dos,0.1,0.903,1.9014,0.9
ugr16,july_to_august,91,rf,TSC,nerisbotnet,0.1,0.9007,1.9144,0.9
ugr16,july_to_august,91,rf,TSC,scan11,0.1,0.8977,1.899,0.9
ugr16,july_to_august,91,rf,TSC,scan44,0.1,0.9998,1.7251,0.9
ugr16,july_to_august,91,rf,TSC,background,0.2,0.7987,0.808,0.8
ugr16,july_to_august,91,rf,TSC,dos,0.2,0.8026,0.8026,0.8
ugr16,july_to_august,91,rf,TSC,nerisbotnet,0.2,0.8022,0.8131,0.8
ugr16,july_to_august,91,rf,TSC,scan11,0.2,0.7978,1.4821,0.8
ugr16,july_to_august,91,rf,TSC,scan44,0.2,0.8061,1.4316,0.8
ugr16,july_to_august,91,rf,SHC,background,0.05,0.9518,0.9559,0.95
ugr16,july_to_august,91,rf,SHC,dos,0.05,0.9509,0.9513,0.95
ugr16,july_to_august,91,rf,SHC,nerisbotnet,0.05,0.9515,0.986,0.95
ugr16,july_to_august,91,rf,SHC,scan11,0.05,0.3806,0.9666,0.95
ugr16,july_to_august,91,rf,SHC,scan44,0.05,0.7095,0.9643,0.95
ugr16,july_to_august,91,rf,SHC,background,0.1,0.9008,0.9043,0.9
ugr16,july_to_august,91,rf,SHC,dos,0.1,0.9017,0.9017,0.9
ugr16,july_to_august,91,rf,SHC,nerisbotnet,0.1,0.9009,0.9135,0.9
ugr16,july_to_august,91,rf,SHC,scan11,0.1,0.3575,0.9111,0.9
ugr16,july_to_august,91,rf,SHC,scan44,0.1,0.6713,0.9107,0.9
ugr16,july_to_august,91,rf,SHC,background,0.2,0.802,0.8048,0.8
ugr16,july_to_august,91,rf,SHC,dos,0.2,0.7996,0.7996,0.8
ugr16,july_to_august,91,rf,SHC,nerisbotnet,0.2,0.8007,0.8104,0.8
ugr16,july_to_august,91,rf,SHC,scan11,0.2,0.3164,0.8074,0.8
ugr16,july_to_august,91,rf,SHC,scan44,0.2,0.5975,0.8098,0.8
ugr16,july_to_august,12345,xgb,REC,background,0.05,0.95,1.9609,0.95
ugr16,july_to_august,12345,xgb,REC,dos,0.05,0.9511,1.955,0.95
ugr16,july_to_august,12345,xgb,REC,nerisbotnet,0.05,0.9492,1.9366,0.95
ugr16,july_to_august,12345,xgb,REC,scan11,0.05,0.9518,1.9541,0.95
ugr16,july_to_august,12345,xgb,REC,scan44,0.05,1.0,1.7415,0.95
ugr16,july_to_august,12345,xgb,REC,background,0.1,0.9002,1.9076,0.9
ugr16,july_to_august,12345,xgb,REC,dos,0.1,0.9,1.903,0.9
ugr16,july_to_august,12345,xgb,REC,nerisbotnet,0.1,0.8974,1.8724,0.9
ugr16,july_to_august,12345,xgb,REC,scan11,0.1,0.9006,1.9028,0.9
ugr16,july_to_august,12345,xgb,REC,scan44,0.1,1.0,1.6844,0.9
ugr16,july_to_august,12345,xgb,REC,background,0.2,0.8007,0.8086,0.8
ugr16,july_to_august,12345,xgb,REC,dos,0.2,0.7999,0.8024,0.8
ugr16,july_to_august,12345,xgb,REC,nerisbotnet,0.2,0.7977,0.8069,0.8
ugr16,july_to_august,12345,xgb,REC,scan11,0.2,0.8017,1.4745,0.8
ugr16,july_to_august,12345,xgb,REC,scan44,0.2,0.8002,1.3712,0.8
ugr16,july_to_august,12345,xgb,TSC,background,0.05,0.95,1.9616,0.95
ugr16,july_to_august,12345,xgb,TSC,dos,0.05,0.9506,1.9545,0.95
ugr16,july_to_august,12345,xgb,TSC,nerisbotnet,0.05,0.9502,1.9375,0.95
ugr16,july_to_august,12345,xgb,TSC,scan11,0.05,0.9517,1.954,0.95
ugr16,july_to_august,12345,xgb,TSC,scan44,0.05,1.0,1.7414,0.95
ugr16,july_to_august,12345,xgb,TSC,background,0.1,0.9005,1.9079,0.9
ugr16,july_to_august,12345,xgb,TSC,dos,0.1,0.9005,1.9035,0.9
ugr16,july_to_august,12345,xgb,TSC,nerisbotnet,0.1,0.9007,1.8757,0.9
ugr16,july_to_august,12345,xgb,TSC,scan11,0.1,0.9017,1.9039,0.9
ugr16,july_to_august,12345,xgb,TSC,scan44,0.1,1.0,1.6855,0.9
ugr16,july_to_august,12345,xgb,TSC,background,0.2,0.8001,0.808,0.8
ugr16,july_to_august,12345,xgb,TSC,dos,0.2,0.8004,0.803,0.8
ugr16,july_to_august,12345,xgb,TSC,nerisbotnet,0.2,0.8028,0.812,0.8
ugr16,july_to_august,12345,xgb,TSC,scan11,0.2,0.8017,1.4727,0.8
ugr16,july_to_august,12345,xgb,TSC,scan44,0.2,0.7982,1.3693,0.8
ugr16,july_to_august,12345,xgb,SHC,background,0.05,0.9522,0.9596,0.95
ugr16,july_to_august,12345,xgb,SHC,dos,0.05,0.9512,0.9512,0.95
ugr16,july_to_august,12345,xgb,SHC,nerisbotnet,0.05,0.9495,0.9725,0.95
ugr16,july_to_august,12345,xgb,SHC,scan11,0.05,0.4279,1.0931,0.95
ugr16,july_to_august,12345,xgb,SHC,scan44,0.05,0.7934,1.0202,0.95
ugr16,july_to_august,12345,xgb,SHC,background,0.1,0.9021,0.9058,0.9
ugr16,july_to_august,12345,xgb,SHC,dos,0.1,0.9001,0.9001,0.9
ugr16,july_to_august,12345,xgb,SHC,nerisbotnet,0.1,0.8991,0.9089,0.9
ugr16,july_to_august,12345,xgb,SHC,scan11,0.1,0.4061,1.0283,0.9
ugr16,july_to_august,12345,xgb,SHC,scan44,0.1,0.7544,0.9633,0.9
ugr16,july_to_august,12345,xgb,SHC,background,0.2,0.8019,0.805,0.8
ugr16,july_to_august,12345,xgb,SHC,dos,0.2,0.7998,0.7998,0.8
ugr16,july_to_august,12345,xgb,SHC,nerisbotnet,0.2,0.8002,0.8089,0.8
ugr16,july_to_august,12345,xgb,SHC,scan11,0.2,0.363,0.901,0.8
ugr16,july_to_august,12345,xgb,SHC,scan44,0.2,0.6821,0.8591,0.8
ugr16,july_to_august,1337,xgb,REC,background,0.05,0.9496,1.9619,0.95
ugr16,july_to_august,1337,xgb,REC,dos,0.05,0.9515,1.9556,0.95
ugr16,july_to_august,1337,xgb,REC,nerisbotnet,0.05,0.951,1.9376,0.95
ugr16,july_to_august,1337,xgb,REC,scan11,0.05,0.9499,1.9522,0.95
ugr16,july_to_august,1337,xgb,REC,scan44,0.05,1.0,1.7372,0.95
ugr16,july_to_august,1337,xgb,REC,background,0.1,0.8993,1.9072,0.9
ugr16,july_to_august,1337,xgb,REC,dos,0.1,0.9003,1.9036,0.9
ugr16,july_to_august,1337,xgb,REC,nerisbotnet,0.1,0.8979,1.8717,0.9
ugr16,july_to_august,1337,xgb,REC,scan11,0.1,0.901,1.903,0.9
ugr16,july_to_august,1337,xgb,REC,scan44,0.1,1.0,1.6832,0.9
ugr16,july_to_august,1337,xgb,REC,background,0.2,0.7994,0.8077,0.8
ugr16,july_to_august,1337,xgb,REC,dos,0.2,0.8,0.8028,0.8
ugr16,july_to_august,1337,xgb,REC,nerisbotnet,0.2,0.7955,0.8048,0.8
ugr16,july_to_august,1337,xgb,REC,scan11,0.2,0.7992,1.4709,0.8
ugr16,july_to_august,1337,xgb,REC,scan44,0.2,0.7994,1.3685,0.8
ugr16,july_to_august,1337,xgb,TSC,background,0.05,0.9492,1.9608,0.95
ugr16,july_to_august,1337,xgb,TSC,dos,0.05,0.9491,1.9532,0.95
ugr16,july_to_august,1337,xgb,TSC,nerisbotnet,0.05,0.9502,1.9365,0.95
ugr16,july_to_august,1337,xgb,TSC,scan11,0.05,0.9501,1.9523,0.95
ugr16,july_to_august,1337,xgb,TSC,scan44,0.05,1.0,1.7376,0.95
ugr16,july_to_august,1337,xgb,TSC,background,0.1,0.8983,1.9062,0.9
ugr16,july_to_august,1337,xgb,TSC,dos,0.1,0.8979,1.9011,0.9
ugr16,july_to_august,1337,xgb,TSC,nerisbotnet,0.1,0.896,1.8698,0.9
ugr16,july_to_august,1337,xgb,TSC,scan11,0.1,0.8999,1.9019,0.9
ugr16,july_to_august,1337,xgb,TSC,scan44,0.1,1.0,1.6821,0.9
ugr16,july_to_august,1337,xgb,TSC,background,0.2,0.7987,0.807,0.8
ugr16,july_to_august,1337,xgb,TSC,dos,0.2,0.7955,0.7982,0.8
ugr16,july_to_august,1337,xgb,TSC,nerisbotnet,0.2,0.795,0.8043,0.8
ugr16,july_to_august,1337,xgb,TSC,scan11,0.2,0.7981,1.4738,0.8
ugr16,july_to_august,1337,xgb,TSC,scan44,0.2,0.8029,1.3709,0.8
ugr16,july_to_august,1337,xgb,SHC,background,0.05,0.9514,0.9583,0.95
ugr16,july_to_august,1337,xgb,SHC,dos,0.05,0.9504,0.9504,0.95
ugr16,july_to_august,1337,xgb,SHC,nerisbotnet,0.05,0.9496,0.973,0.95
ugr16,july_to_august,1337,xgb,SHC,scan11,0.05,0.4259,1.0923,0.95
ugr16,july_to_august,1337,xgb,SHC,scan44,0.05,0.7937,1.0208,0.95
ugr16,july_to_august,1337,xgb,SHC,background,0.1,0.9001,0.9039,0.9
ugr16,july_to_august,1337,xgb,SHC,dos,0.1,0.899,0.899,0.9
ugr16,july_to_august,1337,xgb,SHC,nerisbotnet,0.1,0.8982,0.908,0.9
ugr16,july_to_august,1337,xgb,SHC,scan11,0.1,0.4048,1.0285,0.9
ugr16,july_to_august,1337,xgb,SHC,scan44,0.1,0.7571,0.966,0.9
ugr16,july_to_august,1337,xgb,SHC,background,0.2,0.7997,0.8027,0.8
ugr16,july_to_august,1337,xgb,SHC,dos,0.2,0.798,0.798,0.8
ugr16,july_to_august,1337,xgb,SHC,nerisbotnet,0.2,0.7956,0.8044,0.8
ugr16,july_to_august,1337,xgb,SHC,scan11,0.2,0.3648,0.909,0.8
ugr16,july_to_august,1337,xgb,SHC,scan44,0.2,0.6848,0.8634,0.8
ugr16,july_to_august,2024,xgb,REC,background,0.05,0.9496,1.9621,0.95
ugr16,july_to_august,2024,xgb,REC,dos,0.05,0.9501,1.9543,0.95
ugr16,july_to_august,2024,xgb,REC,nerisbotnet,0.05,0.9511,1.9387,0.95
ugr16,july_to_august,2024,xgb,REC,scan11,0.05,0.9497,1.9518,0.95
ugr16,july_to_august,2024,xgb,REC,scan44,0.05,1.0,1.7396,0.95
ugr16,july_to_august,2024,xgb,REC,background,0.1,0.9001,1.9078,0.9
ugr16,july_to_august,2024,xgb,REC,dos,0.1,0.9006,1.904,0.9
ugr16,july_to_august,2024,xgb,REC,nerisbotnet,0.1,0.9022,1.8779,0.9
ugr16,july_to_august,2024,xgb,REC,scan11,0.1,0.901,1.903,0.9
ugr16,july_to_august,2024,xgb,REC,scan44,0.1,1.0,1.6827,0.9
ugr16,july_to_august,2024,xgb,REC,background,0.2,0.8006,0.8087,0.8
ugr16,july_to_august,2024,xgb,REC,dos,0.2,0.7994,0.8022,0.8
ugr16,july_to_august,2024,xgb,REC,nerisbotnet,0.2,0.8023,0.812,0.8
ugr16,july_to_august,2024,xgb,REC,scan11,0.2,0.8021,1.4759,0.8
ugr16,july_to_august,2024,xgb,REC,scan44,0.2,0.8011,1.3693,0.8
ugr16,july_to_august,2024,xgb,TSC,background,0.05,0.9493,1.9605,0.95
ugr16,july_to_august,2024,xgb,TSC,dos,0.05,0.9502,1.9544,0.95
ugr16,july_to_august,2024,xgb,TSC,nerisbotnet,0.05,0.9479,1.9352,0.95
ugr16,july_to_august,2024,xgb,TSC,scan11,0.05,0.9505,1.9526,0.95
ugr16,july_to_august,2024,xgb,TSC,scan44,0.05,1.0,1.7404,0.95
ugr16,july_to_august,2024,xgb,TSC,background,0.1,0.8991,1.9068,0.9
ugr16,july_to_august,2024,xgb,TSC,dos,0.1,0.8986,1.9021,0.9
ugr16,july_to_august,2024,xgb,TSC,nerisbotnet,0.1,0.8991,1.8747,0.9
ugr16,july_to_august,2024,xgb,TSC,scan11,0.1,0.9,1.902,0.9
ugr16,july_to_august,2024,xgb,TSC,scan44,0.1,1.0,1.682,0.9
ugr16,july_to_august,2024,xgb,TSC,background,0.2,0.7992,0.8072,0.8
ugr16,july_to_august,2024,xgb,TSC,dos,0.2,0.7993,0.8021,0.8
ugr16,july_to_august,2024,xgb,TSC,nerisbotnet,0.2,0.7983,0.808,0.8
ugr16,july_to_august,2024,xgb,TSC,scan11,0.2,0.8002,1.4751,0.8
ugr16,july_to_august,2024,xgb,TSC,scan44,0.2,0.8024,1.3693,0.8
ugr16,july_to_august,2024,xgb,SHC,background,0.05,0.9516,0.9589,0.95
ugr16,july_to_august,2024,xgb,SHC,dos,0.05,0.951,0.951,0.95
ugr16,july_to_august,2024,xgb,SHC,nerisbotnet,0.05,0.9498,0.9727,0.95
ugr16,july_to_august,2024,xgb,SHC,scan11,0.05,0.4257,1.0909,0.95
ugr16,july_to_august,2024,xgb,SHC,scan44,0.05,0.7932,1.0186,0.95
ugr16,july_to_august,2024,xgb,SHC,background,0.1,0.9019,0.9055,0.9
ugr16,july_to_august,2024,xgb,SHC,dos,0.1,0.9012,0.9012,0.9
ugr16,july_to_august,2024,xgb,SHC,nerisbotnet,0.1,0.9001,0.9102,0.9
ugr16,july_to_august,2024,xgb,SHC,scan11,0.1,0.4054,1.0289,0.9
ugr16,july_to_august,2024,xgb,SHC,scan44,0.1,0.7549,0.9634,0.9
ugr16,july_to_august,2024,xgb,SHC,background,0.2,0.8017,0.8047,0.8
ugr16,july_to_august,2024,xgb,SHC,dos,0.2,0.7996,0.7996,0.8
ugr16,july_to_august,2024,xgb,SHC,nerisbotnet,0.2,0.7998,0.8089,0.8
ugr16,july_to_august,2024,xgb,SHC,scan11,0.2,0.3639,0.9064,0.8
ugr16,july_to_august,2024,xgb,SHC,scan44,0.2,0.6811,0.8578,0.8
ugr16,july_to_august,3407,xgb,REC,background,0.05,0.949,1.9615,0.95
ugr16,july_to_august,3407,xgb,REC,dos,0.05,0.9497,1.9531,0.95
ugr16,july_to_august,3407,xgb,REC,nerisbotnet,0.05,0.9523,1.9381,0.95
ugr16,july_to_august,3407,xgb,REC,scan11,0.05,0.9496,1.9517,0.95
ugr16,july_to_august,3407,xgb,REC,scan44,0.05,1.0,1.7409,0.95
ugr16,july_to_august,3407,xgb,REC,background,0.1,0.8987,1.9064,0.9
ugr16,july_to_august,3407,xgb,REC,dos,0.1,0.9003,1.9032,0.9
ugr16,july_to_august,3407,xgb,REC,nerisbotnet,0.1,0.9007,1.8748,0.9
ugr16,july_to_august,3407,xgb,REC,scan11,0.1,0.9002,1.9022,0.9
ugr16,july_to_august,3407,xgb,REC,scan44,0.1,1.0,1.683,0.9
ugr16,july_to_august,3407,xgb,REC,background,0.2,0.7992,0.8074,0.8
ugr16,july_to_august,3407,xgb,REC,dos,0.2,0.8012,0.8035,0.8
ugr16,july_to_august,3407,xgb,REC,nerisbotnet,0.2,0.8005,0.81,0.8
ugr16,july_to_august,3407,xgb,REC,scan11,0.2,0.7996,1.4737,0.8
ugr16,july_to_august,3407,xgb,REC,scan44,0.2,0.8001,1.3677,0.8
ugr16,july_to_august,3407,xgb,TSC,background,0.05,0.9495,1.9605,0.95
ugr16,july_to_august,3407,xgb,TSC,dos,0.05,0.9504,1.9538,0.95
ugr16,july_to_august,3407,xgb,TSC,nerisbotnet,0.05,0.9492,1.9353,0.95
ugr16,july_to_august,3407,xgb,TSC,scan11,0.05,0.9505,1.9527,0.95
ugr16,july_to_august,3407,xgb,TSC,scan44,0.05,1.0,1.7414,0.95
ugr16,july_to_august,3407,xgb,TSC,background,0.1,0.8991,1.9068,0.9
ugr16,july_to_august,3407,xgb,TSC,dos,0.1,0.9003,1.9032,0.9
ugr16,july_to_august,3407,xgb,TSC,nerisbotnet,0.1,0.8984,1.8725,0.9
ugr16,july_to_august,3407,xgb,TSC,scan11,0.1,0.9012,1.9032,0.9
ugr16,july_to_august,3407,xgb,TSC,scan44,0.1,1.0,1.6841,0.9
ugr16,july_to_august,3407,xgb,TSC,background,0.2,0.8001,0.8084,0.8
ugr16,july_to_august,3407,xgb,TSC,dos,0.2,0.8019,0.8042,0.8
ugr16,july_to_august,3407,xgb,TSC,nerisbotnet,0.2,0.7999,0.8095,0.8
ugr16,july_to_august,3407,xgb,TSC,scan11,0.2,0.8011,1.4774,0.8
ugr16,july_to_august,3407,xgb,TSC,scan44,0.2,0.8024,1.3715,0.8
ugr16,july_to_august,3407,xgb,SHC,background,0.05,0.951,0.9589,0.95
ugr16,july_to_august,3407,xgb,SHC,dos,0.05,0.9501,0.9501,0.95
ugr16,july_to_august,3407,xgb,SHC,nerisbotnet,0.05,0.9512,0.9739,0.95
ugr16,july_to_august,3407,xgb,SHC,scan11,0.05,0.4263,1.0926,0.95
ugr16,july_to_august,3407,xgb,SHC,scan44,0.05,0.7924,1.0192,0.95
ugr16,july_to_august,3407,xgb,SHC,background,0.1,0.9006,0.9044,0.9
ugr16,july_to_august,3407,xgb,SHC,dos,0.1,0.9011,0.9011,0.9
ugr16,july_to_august,3407,xgb,SHC,nerisbotnet,0.1,0.8998,0.91,0.9
ugr16,july_to_august,3407,xgb,SHC,scan11,0.1,0.4049,1.0306,0.9
ugr16,july_to_august,3407,xgb,SHC,scan44,0.1,0.7534,0.9614,0.9
ugr16,july_to_august,3407,xgb,SHC,background,0.2,0.8015,0.8046,0.8
ugr16,july_to_august,3407,xgb,SHC,dos,0.2,0.805,0.805,0.8
ugr16,july_to_august,3407,xgb,SHC,nerisbotnet,0.2,0.8009,0.81,0.8
ugr16,july_to_august,3407,xgb,SHC,scan11,0.2,0.3625,0.9056,0.8
ugr16,july_to_august,3407,xgb,SHC,scan44,0.2,0.6786,0.8545,0.8
ugr16,july_to_august,42,xgb,REC,background,0.05,0.9504,1.9617,0.95
ugr16,july_to_august,42,xgb,REC,dos,0.05,0.9498,1.9537,0.95
ugr16,july_to_august,42,xgb,REC,nerisbotnet,0.05,0.95,1.9371,0.95
ugr16,july_to_august,42,xgb,REC,scan11,0.05,0.9491,1.9513,0.95
ugr16,july_to_august,42,xgb,REC,scan44,0.05,1.0,1.7415,0.95
ugr16,july_to_august,42,xgb,REC,background,0.1,0.9012,1.9088,0.9
ugr16,july_to_august,42,xgb,REC,dos,0.1,0.8999,1.903,0.9
ugr16,july_to_august,42,xgb,REC,nerisbotnet,0.1,0.9006,1.8757,0.9
ugr16,july_to_august,42,xgb,REC,scan11,0.1,0.9004,1.9024,0.9
ugr16,july_to_august,42,xgb,REC,scan44,0.1,1.0,1.6839,0.9
ugr16,july_to_august,42,xgb,REC,background,0.2,0.7995,0.8079,0.8
ugr16,july_to_august,42,xgb,REC,dos,0.2,0.7983,0.801,0.8
ugr16,july_to_august,42,xgb,REC,nerisbotnet,0.2,0.7995,0.809,0.8
ugr16,july_to_august,42,xgb,REC,scan11,0.2,0.8029,1.4763,0.8
ugr16,july_to_august,42,xgb,REC,scan44,0.2,0.8003,1.3716,0.8
ugr16,july_to_august,42,xgb,TSC,background,0.05,0.9505,1.9621,0.95
ugr16,july_to_august,42,xgb,TSC,dos,0.05,0.9496,1.9535,0.95
ugr16,july_to_august,42,xgb,TSC,nerisbotnet,0.05,0.9508,1.9381,0.95
ugr16,july_to_august,42,xgb,TSC,scan11,0.05,0.9479,1.9501,0.95
ugr16,july_to_august,42,xgb,TSC,scan44,0.05,1.0,1.7394,0.95
ugr16,july_to_august,42,xgb,TSC,background,0.1,0.9006,1.9082,0.9
ugr16,july_to_august,42,xgb,TSC,dos,0.1,0.8977,1.9008,0.9
ugr16,july_to_august,42,xgb,TSC,nerisbotnet,0.1,0.9004,1.8755,0.9
ugr16,july_to_august,42,xgb,TSC,scan11,0.1,0.8979,1.8998,0.9
ugr16,july_to_august,42,xgb,TSC,scan44,0.1,1.0,1.6813,0.9
ugr16,july_to_august,42,xgb,TSC,background,0.2,0.8,0.8083,0.8
ugr16,july_to_august,42,xgb,TSC,dos,0.2,0.7956,0.7983,0.8
ugr16,july_to_august,42,xgb,TSC,nerisbotnet,0.2,0.7993,0.8088,0.8
ugr16,july_to_august,42,xgb,TSC,scan11,0.2,0.7981,1.4698,0.8
ugr16,july_to_august,42,xgb,TSC,scan44,0.2,0.7984,1.3641,0.8
ugr16,july_to_august,42,xgb,SHC,background,0.05,0.9519,0.9588,0.95
ugr16,july_to_august,42,xgb,SHC,dos,0.05,0.9487,0.9487,0.95
ugr16,july_to_august,42,xgb,SHC,nerisbotnet,0.05,0.9497,0.9723,0.95
ugr16,july_to_august,42,xgb,SHC,scan11,0.05,0.4257,1.0926,0.95
ugr16,july_to_august,42,xgb,SHC,scan44,0.05,0.7939,1.0202,0.95
ugr16,july_to_august,42,xgb,SHC,background,0.1,0.9025,0.9062,0.9
ugr16,july_to_august,42,xgb,SHC,dos,0.1,0.898,0.898,0.9
ugr16,july_to_august,42,xgb,SHC,nerisbotnet,0.1,0.9016,0.9114,0.9
ugr16,july_to_august,42,xgb,SHC,scan11,0.1,0.4038,1.0281,0.9
ugr16,july_to_august,42,xgb,SHC,scan44,0.1,0.7541,0.9625,0.9
ugr16,july_to_august,42,xgb,SHC,background,0.2,0.802,0.8049,0.8
ugr16,july_to_august,42,xgb,SHC,dos,0.2,0.7972,0.7972,0.8
ugr16,july_to_august,42,xgb,SHC,nerisbotnet,0.2,0.8004,0.8093,0.8
ugr16,july_to_august,42,xgb,SHC,scan11,0.2,0.3624,0.9039,0.8
ugr16,july_to_august,42,xgb,SHC,scan44,0.2,0.6782,0.8554,0.8
ugr16,july_to_august,512,xgb,REC,background,0.05,0.9507,1.9627,0.95
ugr16,july_to_august,512,xgb,REC,dos,0.05,0.9494,1.9529,0.95
ugr16,july_to_august,512,xgb,REC,nerisbotnet,0.05,0.9501,1.9374,0.95
ugr16,july_to_august,512,xgb,REC,scan11,0.05,0.9499,1.952,0.95
ugr16,july_to_august,512,xgb,REC,scan44,0.05,1.0,1.7398,0.95
ugr16,july_to_august,512,xgb,REC,background,0.1,0.9,1.9075,0.9
ugr16,july_to_august,512,xgb,REC,dos,0.1,0.8993,1.9023,0.9
ugr16,july_to_august,512,xgb,REC,nerisbotnet,0.1,0.9022,1.8771,0.9
ugr16,july_to_august,512,xgb,REC,scan11,0.1,0.9011,1.9031,0.9
ugr16,july_to_august,512,xgb,REC,scan44,0.1,1.0,1.6821,0.9
ugr16,july_to_august,512,xgb,REC,background,0.2,0.799,0.8072,0.8
ugr16,july_to_august,512,xgb,REC,dos,0.2,0.8003,0.8028,0.8
ugr16,july_to_august,512,xgb,REC,nerisbotnet,0.2,0.804,0.8135,0.8
ugr16,july_to_august,512,xgb,REC,scan11,0.2,0.8006,1.4711,0.8
ugr16,july_to_august,512,xgb,REC,scan44,0.2,0.8016,1.3672,0.8
ugr16,july_to_august,512,xgb,TSC,background,0.05,0.9509,1.9621,0.95
ugr16,july_to_august,512,xgb,TSC,dos,0.05,0.9501,1.9537,0.95
ugr16,july_to_august,512,xgb,TSC,nerisbotnet,0.05,0.9486,1.9362,0.95
ugr16,july_to_august,512,xgb,TSC,scan11,0.05,0.9506,1.9527,0.95
ugr16,july_to_august,512,xgb,TSC,scan44,0.05,1.0,1.74,0.95
ugr16,july_to_august,512,xgb,TSC,background,0.1,0.9002,1.9078,0.9
ugr16,july_to_august,512,xgb,TSC,dos,0.1,0.9008,1.9038,0.9
ugr16,july_to_august,512,xgb,TSC,nerisbotnet,0.1,0.8995,1.8744,0.9
ugr16,july_to_august,512,xgb,TSC,scan11,0.1,0.9021,1.9041,0.9
ugr16,july_to_august,512,xgb,TSC,scan44,0.1,1.0,1.683,0.9
ugr16,july_to_august,512,xgb,TSC,background,0.2,0.7996,0.8078,0.8
ugr16,july_to_august,512,xgb,TSC,dos,0.2,0.8006,0.8032,0.8
ugr16,july_to_august,512,xgb,TSC,nerisbotnet,0.2,0.8013,0.8109,0.8
ugr16,july_to_august,512,xgb,TSC,scan11,0.2,0.8009,1.4733,0.8
ugr16,july_to_august,512,xgb,TSC,scan44,0.2,0.8026,1.369,0.8
ugr16,july_to_august,512,xgb,SHC,background,0.05,0.9523,0.96,0.95
ugr16,july_to_august,512,xgb,SHC,dos,0.05,0.9488,0.9488,0.95
ugr16,july_to_august,512,xgb,SHC,nerisbotnet,0.05,0.9496,0.9728,0.95
ugr16,july_to_august,512,xgb,SHC,scan11,0.05,0.4267,1.0895,0.95
ugr16,july_to_august,512,xgb,SHC,scan44,0.05,0.7938,1.0185,0.95
ugr16,july_to_august,512,xgb,SHC,background,0.1,0.902,0.9057,0.9
ugr16,july_to_august,512,xgb,SHC,dos,0.1,0.8999,0.8999,0.9
ugr16,july_to_august,512,xgb,SHC,nerisbotnet,0.1,0.9009,0.9108,0.9
ugr16,july_to_august,512,xgb,SHC,scan11,0.1,0.4048,1.026,0.9
ugr16,july_to_august,512,xgb,SHC,scan44,0.1,0.7566,0.9635,0.9
ugr16,july_to_august,512,xgb,SHC,background,0.2,0.8,0.803,0.8
ugr16,july_to_august,512,xgb,SHC,dos,0.2,0.8011,0.8011,0.8
ugr16,july_to_august,512,xgb,SHC,nerisbotnet,0.2,0.8023,0.8113,0.8
ugr16,july_to_august,512,xgb,SHC,scan11,0.2,0.3639,0.9053,0.8
ugr16,july_to_august,512,xgb,SHC,scan44,0.2,0.6816,0.8573,0.8
ugr16,july_to_august,6021,xgb,REC,background,0.05,0.9507,1.9628,0.95
ugr16,july_to_august,6021,xgb,REC,dos,0.05,0.9508,1.9548,0.95
ugr16,july_to_august,6021,xgb,REC,nerisbotnet,0.05,0.9496,1.9372,0.95
ugr16,july_to_august,6021,xgb,REC,scan11,0.05,0.9515,1.9538,0.95
ugr16,july_to_august,6021,xgb,REC,scan44,0.05,1.0,1.7419,0.95
ugr16,july_to_august,6021,xgb,REC,background,0.1,0.9009,1.9086,0.9
ugr16,july_to_august,6021,xgb,REC,dos,0.1,0.9003,1.9037,0.9
ugr16,july_to_august,6021,xgb,REC,nerisbotnet,0.1,0.9005,1.8757,0.9
ugr16,july_to_august,6021,xgb,REC,scan11,0.1,0.9032,1.9053,0.9
ugr16,july_to_august,6021,xgb,REC,scan44,0.1,1.0,1.6855,0.9
ugr16,july_to_august,6021,xgb,REC,background,0.2,0.802,0.8102,0.8
ugr16,july_to_august,6021,xgb,REC,dos,0.2,0.8014,0.8044,0.8
ugr16,july_to_august,6021,xgb,REC,nerisbotnet,0.2,0.8021,0.8119,0.8
ugr16,july_to_august,6021,xgb,REC,scan11,0.2,0.8045,1.4771,0.8
ugr16,july_to_august,6021,xgb,REC,scan44,0.2,0.8002,1.3752,0.8
ugr16,july_to_august,6021,xgb,TSC,background,0.05,0.9504,1.9618,0.95
ugr16,july_to_august,6021,xgb,TSC,dos,0.05,0.9491,1.9531,0.95
ugr16,july_to_august,6021,xgb,TSC,nerisbotnet,0.05,0.9487,1.936,0.95
ugr16,july_to_august,6021,xgb,TSC,scan11,0.05,0.9503,1.9525,0.95
ugr16,july_to_august,6021,xgb,TSC,scan44,0.05,1.0,1.7406,0.95
ugr16,july_to_august,6021,xgb,TSC,background,0.1,0.9006,1.9082,0.9
ugr16,july_to_august,6021,xgb,TSC,dos,0.1,0.8999,1.9032,0.9
ugr16,july_to_august,6021,xgb,TSC,nerisbotnet,0.1,0.8977,1.873,0.9
ugr16,july_to_august,6021,xgb,TSC,scan11,0.1,0.9012,1.9033,0.9
ugr16,july_to_august,6021,xgb,TSC,scan44,0.1,1.0,1.6837,0.9
ugr16,july_to_august,6021,xgb,TSC,background,0.2,0.8006,0.8088,0.8
ugr16,july_to_august,6021,xgb,TSC,dos,0.2,0.8002,0.8032,0.8
ugr16,july_to_august,6021,xgb,TSC,nerisbotnet,0.2,0.8005,0.8103,0.8
ugr16,july_to_august,6021,xgb,TSC,scan11,0.2,0.8013,1.472,0.8
ugr16,july_to_august,6021,xgb,TSC,scan44,0.2,0.7982,1.3701,0.8
ugr16,july_to_august,6021,xgb,SHC,background,0.05,0.953,0.9606,0.95
ugr16,july_to_august,6021,xgb,SHC,dos,0.05,0.9512,0.9512,0.95
ugr16,july_to_august,6021,xgb,SHC,nerisbotnet,0.05,0.9493,0.9728,0.95
ugr16,july_to_august,6021,xgb,SHC,scan11,0.05,0.4257,1.0899,0.95
ugr16,july_to_august,6021,xgb,SHC,scan44,0.05,0.7919,1.0178,0.95
ugr16,july_to_august,6021,xgb,SHC,background,0.1,0.9032,0.9069,0.9
ugr16,july_to_august,6021,xgb,SHC,dos,0.1,0.9004,0.9004,0.9
ugr16,july_to_august,6021,xgb,SHC,nerisbotnet,0.1,0.8992,0.9095,0.9
ugr16,july_to_august,6021,xgb,SHC,scan11,0.1,0.4045,1.0269,0.9
ugr16,july_to_august,6021,xgb,SHC,scan44,0.1,0.7543,0.9623,0.9
ugr16,july_to_august,6021,xgb,SHC,background,0.2,0.8034,0.8064,0.8
ugr16,july_to_august,6021,xgb,SHC,dos,0.2,0.8002,0.8002,0.8
ugr16,july_to_august,6021,xgb,SHC,nerisbotnet,0.2,0.8004,0.8097,0.8
ugr16,july_to_august,6021,xgb,SHC,scan11,0.2,0.3639,0.9076,0.8
ugr16,july_to_august,6021,xgb,SHC,scan44,0.2,0.6802,0.8566,0.8
ugr16,july_to_august,7,xgb,REC,background,0.05,0.9491,1.9604,0.95
ugr16,july_to_august,7,xgb,REC,dos,0.05,0.95,1.9541,0.95
ugr16,july_to_august,7,xgb,REC,nerisbotnet,0.05,0.9484,1.9365,0.95
ugr16,july_to_august,7,xgb,REC,scan11,0.05,0.9505,1.9525,0.95
ugr16,july_to_august,7,xgb,REC,scan44,0.05,1.0,1.7377,0.95
ugr16,july_to_august,7,xgb,REC,background,0.1,0.8992,1.9067,0.9
ugr16,july_to_august,7,xgb,REC,dos,0.1,0.8985,1.9019,0.9
ugr16,july_to_august,7,xgb,REC,nerisbotnet,0.1,0.8978,1.8739,0.9
ugr16,july_to_august,7,xgb,REC,scan11,0.1,0.9,1.9018,0.9
ugr16,july_to_august,7,xgb,REC,scan44,0.1,1.0,1.6803,0.9
ugr16,july_to_august,7,xgb,REC,background,0.2,0.7995,0.8076,0.8
ugr16,july_to_august,7,xgb,REC,dos,0.2,0.7986,0.8015,0.8
ugr16,july_to_august,7,xgb,REC,nerisbotnet,0.2,0.7976,0.8071,0.8
ugr16,july_to_august,7,xgb,REC,scan11,0.2,0.8,1.4744,0.8
ugr16,july_to_august,7,xgb,REC,scan44,0.2,0.8003,1.3676,0.8
ugr16,july_to_august,7,xgb,TSC,background,0.05,0.9504,1.962,0.95
ugr16,july_to_august,7,xgb,TSC,dos,0.05,0.9497,1.9538,0.95
ugr16,july_to_august,7,xgb,TSC,nerisbotnet,0.05,0.9492,1.9381,0.95
ugr16,july_to_august,7,xgb,TSC,scan11,0.05,0.9514,1.9534,0.95
ugr16,july_to_august,7,xgb,TSC,scan44,0.05,1.0,1.7387,0.95
ugr16,july_to_august,7,xgb,TSC,background,0.1,0.9003,1.9078,0.9
ugr16,july_to_august,7,xgb,TSC,dos,0.1,0.8993,1.9027,0.9
ugr16,july_to_august,7,xgb,TSC,nerisbotnet,0.1,0.8993,1.8754,0.9
ugr16,july_to_august,7,xgb,TSC,scan11,0.1,0.9017,1.9035,0.9
ugr16,july_to_august,7,xgb,TSC,scan44,0.1,1.0,1.682,0.9
ugr16,july_to_august,7,xgb,TSC,background,0.2,0.8007,0.8088,0.8
ugr16,july_to_august,7,xgb,TSC,dos,0.2,0.7987,0.8016,0.8
ugr16,july_to_august,7,xgb,TSC,nerisbotnet,0.2,0.7977,0.8072,0.8
ugr16,july_to_august,7,xgb,TSC,scan11,0.2,0.8017,1.4721,0.8
ugr16,july_to_august,7,xgb,TSC,scan44,0.2,0.7962,1.3656,0.8
ugr16,july_to_august,7,xgb,SHC,background,0.05,0.9521,0.9596,0.95
ugr16,july_to_august,7,xgb,SHC,dos,0.05,0.9495,0.9495,0.95
ugr16,july_to_august,7,xgb,SHC,nerisbotnet,0.05,0.9494,0.9729,0.95
ugr16,july_to_august,7,xgb,SHC,scan11,0.05,0.4272,1.0924,0.95
ugr16,july_to_august,7,xgb,SHC,scan44,0.05,0.7905,1.0186,0.95
ugr16,july_to_august,7,xgb,SHC,background,0.1,0.9016,0.9053,0.9
ugr16,july_to_august,7,xgb,SHC,dos,0.1,0.8991,0.8991,0.9
ugr16,july_to_august,7,xgb,SHC,nerisbotnet,0.1,0.8991,0.9089,0.9
ugr16,july_to_august,7,xgb,SHC,scan11,0.1,0.4058,1.0289,0.9
ugr16,july_to_august,7,xgb,SHC,scan44,0.1,0.7524,0.9628,0.9
ugr16,july_to_august,7,xgb,SHC,background,0.2,0.802,0.8049,0.8
ugr16,july_to_august,7,xgb,SHC,dos,0.2,0.8008,0.8008,0.8
ugr16,july_to_august,7,xgb,SHC,nerisbotnet,0.2,0.8,0.8089,0.8
ugr16,july_to_august,7,xgb,SHC,scan11,0.2,0.3643,0.905,0.8
ugr16,july_to_august,7,xgb,SHC,scan44,0.2,0.6782,0.8564,0.8
ugr16,july_to_august,88,xgb,REC,background,0.05,0.9499,1.9605,0.95
ugr16,july_to_august,88,xgb,REC,dos,0.05,0.9485,1.9525,0.95
ugr16,july_to_august,88,xgb,REC,nerisbotnet,0.05,0.9486,1.9357,0.95
ugr16,july_to_august,88,xgb,REC,scan11,0.05,0.9506,1.9526,0.95
ugr16,july_to_august,88,xgb,REC,scan44,0.05,1.0,1.7373,0.95
ugr16,july_to_august,88,xgb,REC,background,0.1,0.9009,1.9084,0.9
ugr16,july_to_august,88,xgb,REC,dos,0.1,0.8986,1.9021,0.9
ugr16,july_to_august,88,xgb,REC,nerisbotnet,0.1,0.8983,1.8728,0.9
ugr16,july_to_august,88,xgb,REC,scan11,0.1,0.9012,1.903,0.9
ugr16,july_to_august,88,xgb,REC,scan44,0.1,1.0,1.6815,0.9
ugr16,july_to_august,88,xgb,REC,background,0.2,0.8003,0.8083,0.8
ugr16,july_to_august,88,xgb,REC,dos,0.2,0.7975,0.8004,0.8
ugr16,july_to_august,88,xgb,REC,nerisbotnet,0.2,0.7963,0.805,0.8
ugr16,july_to_august,88,xgb,REC,scan11,0.2,0.8015,1.4767,0.8
ugr16,july_to_august,88,xgb,REC,scan44,0.2,0.8001,1.369,0.8
ugr16,july_to_august,88,xgb,TSC,background,0.05,0.9501,1.961,0.95
ugr16,july_to_august,88,xgb,TSC,dos,0.05,0.9499,1.9539,0.95
ugr16,july_to_august,88,xgb,TSC,nerisbotnet,0.05,0.9489,1.9361,0.95
ugr16,july_to_august,88,xgb,TSC,scan11,0.05,0.9511,1.9531,0.95
ugr16,july_to_august,88,xgb,TSC,scan44,0.05,1.0,1.7381,0.95
ugr16,july_to_august,88,xgb,TSC,background,0.1,0.9009,1.9085,0.9
ugr16,july_to_august,88,xgb,TSC,dos,0.1,0.9003,1.9039,0.9
ugr16,july_to_august,88,xgb,TSC,nerisbotnet,0.1,0.8984,1.873,0.9
ugr16,july_to_august,88,xgb,TSC,scan11,0.1,0.9023,1.9041,0.9
ugr16,july_to_august,88,xgb,TSC,scan44,0.1,1.0,1.6819,0.9
ugr16,july_to_august,88,xgb,TSC,background,0.2,0.7992,0.8073,0.8
ugr16,july_to_august,88,xgb,TSC,dos,0.2,0.7998,0.8028,0.8
ugr16,july_to_august,88,xgb,TSC,nerisbotnet,0.2,0.7957,0.8044,0.8
ugr16,july_to_august,88,xgb,TSC,scan11,0.2,0.8026,1.4781,0.8
ugr16,july_to_august,88,xgb,TSC,scan44,0.2,0.8006,1.3704,0.8
ugr16,july_to_august,88,xgb,SHC,background,0.05,0.9523,0.9597,0.95
ugr16,july_to_august,88,xgb,SHC,dos,0.05,0.9487,0.9487,0.95
ugr16,july_to_august,88,xgb,SHC,nerisbotnet,0.05,0.9506,0.9738,0.95
ugr16,july_to_august,88,xgb,SHC,scan11,0.05,0.4252,1.092,0.95
ugr16,july_to_august,88,xgb,SHC,scan44,0.05,0.7928,1.0189,0.95
ugr16,july_to_august,88,xgb,SHC,background,0.1,0.9026,0.9062,0.9
ugr16,july_to_august,88,xgb,SHC,dos,0.1,0.8978,0.8978,0.9
ugr16,july_to_august,88,xgb,SHC,nerisbotnet,0.1,0.8992,0.9087,0.9
ugr16,july_to_august,88,xgb,SHC,scan11,0.1,0.4049,1.0305,0.9
ugr16,july_to_august,88,xgb,SHC,scan44,0.1,0.7546,0.9632,0.9
ugr16,july_to_august,88,xgb,SHC,background,0.2,0.8018,0.8046,0.8
ugr16,july_to_august,88,xgb,SHC,dos,0.2,0.7962,0.7962,0.8
ugr16,july_to_august,88,xgb,SHC,nerisbotnet,0.2,0.7981,0.8064,0.8
ugr16,july_to_august,88,xgb,SHC,scan11,0.2,0.3635,0.9083,0.8
ugr16,july_to_august,88,xgb,SHC,scan44,0.2,0.6811,0.8575,0.8
ugr16,july_to_august,91,xgb,REC,background,0.05,0.9498,1.9612,0.95
ugr16,july_to_august,91,xgb,REC,dos,0.05,0.9486,1.9526,0.95
ugr16,july_to_august,91,xgb,REC,nerisbotnet,0.05,0.9482,1.9353,0.95
ugr16,july_to_august,91,xgb,REC,scan11,0.05,0.9515,1.9537,0.95
ugr16,july_to_august,91,xgb,REC,scan44,0.05,1.0,1.7414,0.95
ugr16,july_to_august,91,xgb,REC,background,0.1,0.9004,1.9083,0.9
ugr16,july_to_august,91,xgb,REC,dos,0.1,0.8979,1.9012,0.9
ugr16,july_to_august,91,xgb,REC,nerisbotnet,0.1,0.8993,1.8738,0.9
ugr16,july_to_august,91,xgb,REC,scan11,0.1,0.9021,1.9041,0.9
ugr16,july_to_august,91,xgb,REC,scan44,0.1,1.0,1.684,0.9
ugr16,july_to_august,91,xgb,REC,background,0.2,0.8007,0.8092,0.8
ugr16,july_to_august,91,xgb,REC,dos,0.2,0.7976,0.8005,0.8
ugr16,july_to_august,91,xgb,REC,nerisbotnet,0.2,0.7992,0.8087,0.8
ugr16,july_to_august,91,xgb,REC,scan11,0.2,0.8023,1.4758,0.8
ugr16,july_to_august,91,xgb,REC,scan44,0.2,0.8002,1.3712,0.8
ugr16,july_to_august,91,xgb,TSC,background,0.05,0.9499,1.9622,0.95
ugr16,july_to_august,91,xgb,TSC,dos,0.05,0.9503,1.9544,0.95
ugr16,july_to_august,91,xgb,TSC,nerisbotnet,0.05,0.9504,1.9376,0.95
ugr16,july_to_august,91,xgb,TSC,scan11,0.05,0.9507,1.9529,0.95
ugr16,july_to_august,91,xgb,TSC,scan44,0.05,1.0,1.7407,0.95
ugr16,july_to_august,91,xgb,TSC,background,0.1,0.9005,1.9084,0.9
ugr16,july_to_august,91,xgb,TSC,dos,0.1,0.898,1.9014,0.9
ugr16,july_to_august,91,xgb,TSC,nerisbotnet,0.1,0.9002,1.8747,0.9
ugr16,july_to_august,91,xgb,TSC,scan11,0.1,0.9009,1.903,0.9
ugr16,july_to_august,91,xgb,TSC,scan44,0.1,1.0,1.6829,0.9
ugr16,july_to_august,91,xgb,TSC,background,0.2,0.799,0.8075,0.8
ugr16,july_to_august,91,xgb,TSC,dos,0.2,0.7989,0.8018,0.8
ugr16,july_to_august,91,xgb,TSC,nerisbotnet,0.2,0.8013,0.8107,0.8
ugr16,july_to_august,91,xgb,TSC,scan11,0.2,0.8015,1.4748,0.8
ugr16,july_to_august,91,xgb,TSC,scan44,0.2,0.8007,1.3707,0.8
ugr16,july_to_august,91,xgb,SHC,background,0.05,0.952,0.9587,0.95
ugr16,july_to_august,91,xgb,SHC,dos,0.05,0.9505,0.9505,0.95
ugr16,july_to_august,91,xgb,SHC,nerisbotnet,0.05,0.948,0.9715,0.95
ugr16,july_to_august,91,xgb,SHC,scan11,0.05,0.4253,1.0922,0.95
ugr16,july_to_august,91,xgb,SHC,scan44,0.05,0.7942,1.0214,0.95
ugr16,july_to_august,91,xgb,SHC,background,0.1,0.9023,0.906,0.9
ugr16,july_to_august,91,xgb,SHC,dos,0.1,0.8993,0.8993,0.9
ugr16,july_to_august,91,xgb,SHC,nerisbotnet,0.1,0.8987,0.9086,0.9
ugr16,july_to_august,91,xgb,SHC,scan11,0.1,0.4044,1.0308,0.9
ugr16,july_to_august,91,xgb,SHC,scan44,0.1,0.7559,0.9658,0.9
ugr16,july_to_august,91,xgb,SHC,background,0.2,0.8014,0.8044,0.8
ugr16,july_to_august,91,xgb,SHC,dos,0.2,0.8021,0.8021,0.8
ugr16,july_to_august,91,xgb,SHC,nerisbotnet,0.2,0.7986,0.8074,0.8
ugr16,july_to_august,91,xgb,SHC,scan11,0.2,0.3635,0.9104,0.8
ugr16,july_to_august,91,xgb,SHC,scan44,0.2,0.6812,0.8595,0.8
