dataset,arch,class,n_pred_target,low_support,rank_drift,pred_mass_drop,abs_z_drift,obs_drift,null_mean,null_sd,abs_z_confidence,b_confidence_shift,b_entropy_shift,coverage,undercoverage,failing
nslkdd,mlp,Normal,1665,False,0.16634373693313564,-0.17908935565334427,35.573941829106104,0.16634373693313564,0.010533864560763296,0.004379887759441122,27.32958305099643,0.013657549586130191,0.03908079677027529,0.9268402777777777,0.02315972222222229,0
nslkdd,mlp,DoS,389,False,0.46993974108025854,0.19783779151832503,96.93001546093888,0.46993974108025854,0.011533310278784703,0.004729251600978066,73.66660170460096,0.10311411261634673,0.22901886729844512,0.39876378933089374,0.5512362106691062,1
nslkdd,mlp,Probe,269,False,0.34754953787387877,-0.023096680130659172,30.535843828895445,0.34754953787387877,0.02475191628866683,0.010571105334241824,17.98984613381878,0.041600079193814476,0.11684028278717196,0.6278059099362795,0.32219409006372046,1
nslkdd,mlp,R2L,7,True,,0.004512610419247447,,,,,,,,0.02981848141104289,0.920181518588957,1
nslkdd,mlp,Normal,1717,False,0.17493893667568544,-0.2017135126122651,35.82038105621042,0.17493893667568544,0.010973378878747891,0.0045774375638170306,24.078125558259735,0.01247131909430943,0.03587241565150294,0.9268402777777777,0.02315972222222229,0
nslkdd,mlp,DoS,341,False,0.4382621558741884,0.2183670270690198,75.55968046250082,0.4382621558741884,0.011425819558938493,0.0056489960479264145,75.1085939588317,0.10536969182765132,0.226029147443833,0.39876378933089374,0.5512362106691062,1
nslkdd,mlp,Probe,263,False,0.30761851606376667,-0.020571101210230466,27.090285228797963,0.30761851606376667,0.02403230413018453,0.010468188486702223,12.973134402423337,0.024510512433920884,0.07770096848433689,0.6278059099362795,0.32219409006372046,1
nslkdd,mlp,R2L,9,True,,0.0036529524780444414,,,,,,,,0.02981848141104289,0.920181518588957,1
nslkdd,mlp,Normal,1653,False,0.16274776346420394,-0.17363726057860762,27.355121147114936,0.16274776346420394,0.011770455532039942,0.005519160639801704,29.084462890247632,0.01451900077292445,0.04286113667776034,0.9268402777777777,0.02315972222222229,0
nslkdd,mlp,DoS,393,False,0.45484263687230053,0.1961940870444319,85.86040717711124,0.45484263687230053,0.011154321213309538,0.00516755429244307,78.29966740904632,0.1083268439558086,0.2334375592224953,0.39876378933089374,0.5512362106691062,1
nslkdd,mlp,Probe,274,False,0.44886744123752764,-0.02519127656487824,35.401905733384105,0.44886744123752764,0.02644815592981986,0.011932105816251724,20.96470511224973,0.046338230243249234,0.1341828585262146,0.6278059099362795,0.32219409006372046,1
nslkdd,mlp,R2L,10,True,,0.0032274487567272936,,,,,,,,0.02981848141104289,0.920181518588957,1
nslkdd,mlp,Normal,1801,False,0.236007062870223,-0.23706292601179868,36.2618979911682,0.236007062870223,0.013347481735805872,0.006140317894795445,19.94944055384482,0.010889476178456037,0.028851622711475292,0.9268402777777777,0.02315972222222229,0
nslkdd,mlp,DoS,296,False,0.28985025513105617,0.23773483141536494,50.00158174114319,0.28985025513105617,0.013763200237677818,0.005521566424091811,49.67413088416629,0.06267359391277205,0.13004055111648113,0.39876378933089374,0.5512362106691062,1
nslkdd,mlp,Probe,229,False,0.413720891060982,-0.006307150956245899,20.62105003542361,0.413720891060982,0.04193935988616623,0.018029224047085648,23.84096570681505,0.0532790608169047,0.1407698721177932,0.6278059099362795,0.32219409006372046,1
nslkdd,mlp,R2L,1,True,,0.00703368613816375,,,,,,,,0.02981848141104289,0.920181518588957,1
nslkdd,mlp,Normal,1838,False,0.24436001570430485,-0.2532743550987643,39.63156201958234,0.24436001570430485,0.01424121668144725,0.005806452920254661,17.863923880419946,0.010482269125070665,0.02862085783081263,0.9268402777777777,0.02315972222222229,0
nslkdd,mlp,DoS,256,False,0.23634711489624147,0.2548477137642988,35.79115985732371,0.23634711489624147,0.01409952179473226,0.00620956666359702,39.50903823212537,0.04382388804769399,0.10189915068858015,0.39876378933089374,0.5512362106691062,1
nslkdd,mlp,Probe,233,False,0.399356593801656,-0.008066052715147667,21.288018614637508,0.399356593801656,0.04160143654517556,0.016805469956254652,25.350465980075075,0.05193239459968568,0.13603099675772765,0.6278059099362795,0.32219409006372046,1
nslkdd,mlp,R2L,1,True,,0.007033502017807956,,,,,,,,0.02981848141104289,0.920181518588957,1
nslkdd,mlp,Normal,1809,False,0.23120996132753235,-0.240162141375165,36.68120792341766,0.23120996132753235,0.013897954310537112,0.005924341626663309,22.209286225153196,0.012100733513307538,0.03174201519272171,0.9268402777777777,0.02315972222222229,0
nslkdd,mlp,DoS,295,False,0.27722231650716117,0.2382181007665588,39.236763266758395,0.27722231650716117,0.013742966138589021,0.006715114306887627,50.102647807924654,0.04872214496947169,0.10779995213542787,0.39876378933089374,0.5512362106691062,1
nslkdd,mlp,Probe,223,False,0.5994692152595449,-0.003692124756314044,33.323473193572575,0.5994692152595449,0.04357097309675204,0.016681881835474893,32.60781574217341,0.07332527379136577,0.2018956820764905,0.6278059099362795,0.32219409006372046,1
nslkdd,mlp,R2L,3,True,,0.006176237167507232,,,,,,,,0.02981848141104289,0.920181518588957,1
nslkdd,mlp,Normal,1742,False,0.2557178345986747,-0.2111167784397382,36.03760175497353,0.2557178345986747,0.01776626508468115,0.006602869167928301,35.89391994557675,0.03046925934538458,0.05814517094933694,0.9268402777777777,0.02315972222222229,0
nslkdd,mlp,DoS,365,False,0.5793531125015678,0.2076045332634726,34.2172657729752,0.5793531125015678,0.04632421020359816,0.015577776022038439,53.87151339487107,0.061526246164715026,0.150625373465554,0.39876378933089374,0.5512362106691062,1
nslkdd,mlp,Probe,220,False,0.4377204884667571,-0.002181512819810702,20.67651570614932,0.4377204884667571,0.04221273875378353,0.019128355828121814,31.49031110600808,0.08224253556341654,0.1768613216364633,0.6278059099362795,0.32219409006372046,1
nslkdd,mlp,R2L,0,True,,0.0070921985815602835,,,,,,,,0.02981848141104289,0.920181518588957,1
nslkdd,mlp,Normal,1811,False,0.26898349457556037,-0.24105125000511096,39.5373229451761,0.26898349457556037,0.017494284017962155,0.006360805229689485,35.680706093376095,0.03023557550741718,0.06132649988523882,0.9268402777777777,0.02315972222222229,0
nslkdd,mlp,DoS,307,False,0.5045148634274523,0.2324300331962687,32.72706715877798,0.5045148634274523,0.048333098221179316,0.013938974824510572,46.08925022288506,0.049039635038436113,0.1276752222863701,0.39876378933089374,0.5512362106691062,1
nslkdd,mlp,Probe,210,False,0.39140014214641083,0.002069826195476812,19.034956703889655,0.39140014214641083,0.042587912087912086,0.018324823927086818,25.698264948828328,0.0669215555951227,0.14892280137742486,0.6278059099362795,0.32219409006372046,1
nslkdd,mlp,R2L,1,True,,0.006663014032204061,,,,,,,,0.02981848141104289,0.920181518588957,1
nslkdd,mlp,Normal,1765,False,0.2477903766606464,-0.2206590945858279,34.351865406224405,0.2477903766606464,0.017568323796788975,0.006701879217951938,43.335632993463314,0.03451870817827385,0.06555715105862181,0.9268402777777777,0.02315972222222229,0
nslkdd,mlp,DoS,360,False,0.5521080592291172,0.2098157618897956,34.70016777346946,0.5521080592291172,0.045061067916485,0.014612234575427693,56.547937401434204,0.055348969576339724,0.14301181213701666,0.39876378933089374,0.5512362106691062,1
nslkdd,mlp,Probe,204,False,0.6075898786609937,0.0047200223836113,28.68190926664809,0.6075898786609937,0.04485741541162963,0.019619770009652766,32.42082704933292,0.08870390040438902,0.20696279810559853,0.6278059099362795,0.32219409006372046,1
nslkdd,mlp,R2L,0,True,,0.0070921985815602835,,,,,,,,0.02981848141104289,0.920181518588957,1
nslkdd,mlp,Normal,1736,False,0.1459277841080061,-0.20896619070642564,28.065394512542365,0.1459277841080061,0.010974034354399411,0.004808546328942433,21.863692499614668,0.01449849624583599,0.03769074280409712,0.9268402777777777,0.02315972222222229,0
nslkdd,mlp,DoS,368,False,0.546456294269665,0.20631753197647135,110.60305996359922,0.546456294269665,0.011577759409969482,0.004836019320222518,67.39171869681701,0.07166845155668178,0.18304995416393566,0.39876378933089374,0.5512362106691062,1
nslkdd,mlp,Probe,222,False,0.30283155067761613,-0.003092440532897811,21.26031004109132,0.30283155067761613,0.028719101065453737,0.012893153913671329,19.039941628510903,0.04218795854447177,0.10736058760374768,0.6278059099362795,0.32219409006372046,1
nslkdd,mlp,R2L,1,True,,0.007086612993250021,,,,,,,,0.02981848141104289,0.920181518588957,1
nslkdd,mlp,Normal,1791,False,0.1650686505728286,-0.23289097385867663,33.43612302999669,0.1650686505728286,0.01098182031586583,0.004608394044929377,19.012065290969645,0.013128384390049264,0.03680228904467181,0.9268402777777777,0.02315972222222229,0
nslkdd,mlp,DoS,320,False,0.5143910768783607,0.2268506340546378,107.19642969405783,0.5143910768783607,0.011233503033716029,0.004693790411496662,62.44658402206514,0.06895785921487008,0.17354217090973337,0.39876378933089374,0.5512362106691062,1
nslkdd,mlp,Probe,216,False,0.30911885463867084,-0.0005582079557467784,24.525429267661185,0.30911885463867084,0.02743964994575276,0.011485189580935714,20.51184882494543,0.0499649583103986,0.1178837677708101,0.6278059099362795,0.32219409006372046,1
nslkdd,mlp,R2L,2,True,,0.006657244323538003,,,,,,,,0.02981848141104289,0.920181518588957,1
nslkdd,mlp,Normal,1758,False,0.16604254585548833,-0.21808079416065174,32.43515102107916,0.16604254585548833,0.011002809639387752,0.004779991192744637,27.720461915043625,0.01845380943114816,0.04596897106013463,0.9268402777777777,0.02315972222222229,0
nslkdd,mlp,DoS,361,False,0.5157068663520449,0.20938694542324326,101.33790326928228,0.5157068663520449,0.01175023278601279,0.004973031978240981,63.5397497115176,0.06989873613438824,0.17375381626303094,0.39876378933089374,0.5512362106691062,1
nslkdd,mlp,Probe,211,False,0.5019477284667798,0.0016653802626588332,37.393702094484894,0.5019477284667798,0.030182101042327367,0.012616178687855353,30.403878785427967,0.08672780807540925,0.21145543779567655,0.6278059099362795,0.32219409006372046,1
nslkdd,mlp,R2L,0,True,,0.00751561342225045,,,,,,,,0.02981848141104289,0.920181518588957,1
nslkdd,mlp,Normal,1864,False,0.2293207516621047,-0.26371946505322186,33.42305640682422,0.2293207516621047,0.01703562632292344,0.006351457591288315,32.5235943258398,0.01883138952248742,0.04803759087355018,0.9268402777777777,0.02315972222222229,0
nslkdd,mlp,DoS,269,False,0.43391016756689077,0.2491590624331177,39.51731047356667,0.43391016756689077,0.025493490645873,0.010335133439665885,49.9842175735964,0.048841434921495175,0.12382381488925434,0.39876378933089374,0.5512362106691062,1
nslkdd,mlp,Probe,193,False,0.33524298167035205,0.009348571908114625,13.195106454930535,0.33524298167035205,0.05879936192944916,0.02095046528689474,24.125465369378567,0.058051079383657056,0.1382466695079472,0.6278059099362795,0.32219409006372046,1
nslkdd,mlp,R2L,2,True,,0.006234197723559425,,,,,,,,0.02981848141104289,0.920181518588957,1
nslkdd,mlp,Normal,1881,False,0.22749055678357005,-0.27135880273547797,35.30633328944588,0.22749055678357005,0.016518429195643662,0.005975475443976286,27.803130147714633,0.0166401684137375,0.04394755591728955,0.9268402777777777,0.02315972222222229,0
nslkdd,mlp,DoS,248,False,0.3897193810647784,0.25812240959388977,38.43750467064133,0.3897193810647784,0.0254406447866322,0.009477169223120335,45.33287769330572,0.05289824944385757,0.12742986861389702,0.39876378933089374,0.5512362106691062,1
nslkdd,mlp,Probe,198,False,0.2736961806462094,0.0071671139326652394,10.747847127266528,0.2736961806462094,0.0571252734118903,0.02015016632353227,21.677881810223838,0.04728213957246341,0.11729155698738263,0.6278059099362795,0.32219409006372046,1
nslkdd,mlp,R2L,2,True,,0.006233829482847837,,,,,,,,0.02981848141104289,0.920181518588957,1
nslkdd,mlp,Normal,1869,False,0.21483634720446404,-0.26552064138270004,29.247245392782148,0.21483634720446404,0.018041864323330215,0.006728650176734258,34.53572408460242,0.018395714370925687,0.047438298020022265,0.9268402777777777,0.02315972222222229,0
nslkdd,mlp,DoS,281,False,0.4325920369015586,0.2440627507330324,37.073052978785896,0.4325920369015586,0.025051608656655962,0.010992901730486218,46.881716084787236,0.0577364915375157,0.1431468682396333,0.39876378933089374,0.5512362106691062,1
nslkdd,mlp,Probe,178,False,0.4571891396524017,0.015816323658885245,17.628257464439912,0.4571891396524017,0.06056437924736527,0.022499374155676828,29.360470728631103,0.07705363605263837,0.18330281804950319,0.6278059099362795,0.32219409006372046,1
nslkdd,mlp,R2L,1,True,,0.006663382115007968,,,,,,,,0.02981848141104289,0.920181518588957,1
nslkdd,mlp,Normal,1665,False,0.2037872096695626,-0.17983033162455198,36.52552041625795,0.2037872096695626,0.012327429033311387,0.0052418084247481435,17.293533175476856,0.00943708232597451,0.023929288318678705,0.9268402777777777,0.02315972222222229,0
nslkdd,mlp,DoS,424,False,0.596190130624093,0.18276984964822374,82.08981329402638,0.596190130624093,0.014355587808417995,0.007087780072439448,56.86183620345133,0.058601804025719906,0.1592473111598586,0.39876378933089374,0.5512362106691062,1
nslkdd,mlp,Probe,236,False,0.4378055154923579,-0.008569177988041118,29.164167258993494,0.4378055154923579,0.032272224588370806,0.013905190136328368,22.621500445998123,0.06595137368733939,0.14998682352287482,0.6278059099362795,0.32219409006372046,1
nslkdd,mlp,R2L,4,True,,0.0062230265469389,,,,,,,,0.02981848141104289,0.920181518588957,1
nslkdd,mlp,Normal,1728,False,0.21276180926916222,-0.20717551862639128,38.99179877437485,0.21276180926916222,0.012935575113883937,0.005124827282566988,15.411211848516263,0.007990844759873994,0.02127653069260657,0.9268402777777777,0.02315972222222229,0
nslkdd,mlp,DoS,373,False,0.564328377374055,0.2045801946345344,93.62657530457805,0.564328377374055,0.013740245995089438,0.005880682163027312,58.095062275771745,0.05566648159195409,0.153151012438837,0.39876378933089374,0.5512362106691062,1
nslkdd,mlp,Probe,221,False,0.36959100294337305,-0.002174862151665194,22.067527924229953,0.36959100294337305,0.034850854456793916,0.015168901094673018,18.9087585803935,0.057304062428763736,0.1276767291990921,0.6278059099362795,0.32219409006372046,1
nslkdd,mlp,R2L,7,True,,0.004934736417447054,,,,,,,,0.02981848141104289,0.920181518588957,1
nslkdd,mlp,Normal,1674,False,0.20255048907800333,-0.18338338234741403,38.65859874024078,0.20255048907800333,0.012424593819280724,0.004918075187780033,20.47015171813265,0.011561428587996914,0.02851929314139819,0.9268402777777777,0.02315972222222229,0
nslkdd,mlp,DoS,431,False,0.5766819661973539,0.1798461344603576,84.82431967974638,0.5766819661973539,0.013412442458386511,0.006640424890710442,71.25977817899616,0.061244999594755045,0.16473200202759797,0.39876378933089374,0.5512362106691062,1
nslkdd,mlp,Probe,219,False,0.5929840482542266,-0.0012358829188969939,37.2608402946445,0.5929840482542266,0.03522641986705574,0.014969002952607521,30.278983416318763,0.09540278183627682,0.2107443604454257,0.6278059099362795,0.32219409006372046,1
nslkdd,mlp,R2L,8,True,,0.004508496530522091,,,,,,,,0.02981848141104289,0.920181518588957,1
nslkdd,mlp,Normal,1855,False,0.22423636494517185,-0.2607052908735983,40.514380980562706,0.22423636494517185,0.012244029956196128,0.005232520647191469,17.83701588015985,0.010860562987414779,0.03745358452376726,0.9268402777777777,0.02315972222222229,0
nslkdd,mlp,DoS,295,False,0.4810765208365616,0.23816383184436538,35.00745960021206,0.4810765208365616,0.0270905061625456,0.012968265045752306,52.6936050673751,0.05737198803371224,0.13582953173797083,0.39876378933089374,0.5512362106691062,1
nslkdd,mlp,Probe,176,False,0.3676883116883117,0.017117920896898342,17.8961375642614,0.3676883116883117,0.047070551948051945,0.017915472463764116,18.033949944788485,0.07198059794500278,0.16609377725756347,0.6278059099362795,0.32219409006372046,1
nslkdd,mlp,R2L,0,True,,0.007303906001905367,,,,,,,,0.02981848141104289,0.920181518588957,1
nslkdd,mlp,Normal,1883,False,0.22427844953519777,-0.27306400151557064,38.995536872542175,0.22427844953519777,0.01209481339886842,0.005441228744454949,19.511605677929442,0.01252992356023297,0.03962188932904575,0.9268402777777777,0.02315972222222229,0
nslkdd,mlp,DoS,265,False,0.4367528879616015,0.25098505282009276,27.431388124082126,0.4367528879616015,0.030439892887359224,0.014811973540541992,49.32871264091989,0.05633664148878348,0.13310248254182777,0.39876378933089374,0.5512362106691062,1
nslkdd,mlp,Probe,179,False,0.3321372705506784,0.015797962066209897,14.65863205936876,0.3321372705506784,0.04865364724660814,0.01933902305180568,15.412973775515317,0.06452511510065051,0.1507235645319192,0.6278059099362795,0.32219409006372046,1
nslkdd,mlp,R2L,1,True,,0.006874721452549144,,,,,,,,0.02981848141104289,0.920181518588957,1
nslkdd,mlp,Normal,1872,False,0.24003969159755506,-0.26765392046373726,43.74400109699477,0.24003969159755506,0.01205249942935403,0.005211850458367509,22.27438076322304,0.015401397687980434,0.04552678118009947,0.9268402777777777,0.02315972222222229,0
nslkdd,mlp,DoS,298,False,0.4336757700687308,0.23693165136690186,27.240935491966937,0.4336757700687308,0.028901312284577,0.01485905129445784,51.01277724109576,0.056483409962903464,0.12992017838885178,0.39876378933089374,0.5512362106691062,1
nslkdd,mlp,Probe,158,False,0.5747486437613021,0.024868994685707982,25.348788719974664,0.5747486437613021,0.0501,0.02069718792314059,27.489549721679897,0.12205989621819469,0.258550575042306,0.6278059099362795,0.32219409006372046,1
nslkdd,mlp,R2L,0,True,,0.007303906001905367,,,,,,,,0.02981848141104289,0.920181518588957,1
nslkdd,mlp,Normal,1690,False,0.14211304041742828,-0.1902907080741314,25.60819361380613,0.14211304041742828,0.012405981409236344,0.005065060853736402,26.815143377949553,0.019261542304633283,0.04028380655720583,0.9268402777777777,0.02315972222222229,0
nslkdd,mlp,DoS,438,False,0.4885138633902933,0.17660506307695892,94.59226824215548,0.4885138633902933,0.012466101509494757,0.005032628678087303,82.39800149787642,0.15334685998455833,0.2628447212995697,0.39876378933089374,0.5512362106691062,1
nslkdd,mlp,Probe,197,False,0.4542465165010898,0.008055985032803081,26.897743537983985,0.4542465165010898,0.0340402057158115,0.015622362901626998,27.82787131007818,0.10583842999553472,0.21146530737068125,0.6278059099362795,0.32219409006372046,1
nslkdd,mlp,R2L,1,True,,0.007510027833940188,,,,,,,,0.02981848141104289,0.920181518588957,1
nslkdd,mlp,Normal,1770,False,0.18369992467416119,-0.2249366354239214,35.78567371612833,0.18369992467416119,0.011944847729404087,0.004799548509473734,27.24412144921804,0.019065782433645873,0.04326901940167781,0.9268402777777777,0.02315972222222229,0
nslkdd,mlp,DoS,368,False,0.447063149853852,0.20656733681605668,77.31370656120448,0.447063149853852,0.01266851022089507,0.005618598033313453,72.09236856363215,0.1385070612152296,0.23516861113355889,0.39876378933089374,0.5512362106691062,1
nslkdd,mlp,Probe,189,False,0.3405301895867933,0.011453189717561416,22.711217724567838,0.3405301895867933,0.031517511140152644,0.013606169523546352,20.630287681185493,0.0690783913759212,0.1484284733918229,0.6278059099362795,0.32219409006372046,1
nslkdd,mlp,R2L,1,True,,0.007509843713584393,,,,,,,,0.02981848141104289,0.920181518588957,1
nslkdd,mlp,Normal,1714,False,0.16816925688743167,-0.20027140673407529,28.89676571488165,0.16816925688743167,0.012998355272086077,0.0053698363043942175,33.0281845993876,0.024937241909252394,0.050947509642974564,0.9268402777777777,0.02315972222222229,0
nslkdd,mlp,DoS,430,False,0.4796718455060258,0.18011617036165112,101.40827220439736,0.4796718455060258,0.011932707730439219,0.004612435727460349,86.76659387838194,0.1468175366179173,0.25045307779626513,0.39876378933089374,0.5512362106691062,1
nslkdd,mlp,Probe,186,False,0.6121470333278003,0.012809206767156883,40.18519814835888,0.6121470333278003,0.03416426898319777,0.014382976592793202,30.504745098382777,0.13713274696149014,0.2896935400933413,0.6278059099362795,0.32219409006372046,1
nslkdd,mlp,R2L,0,True,,0.007939028262940616,,,,,,,,0.02981848141104289,0.920181518588957,1
nslkdd,mlp,Normal,1700,False,0.15512986295635184,-0.19383973639292784,31.454492169399497,0.15512986295635184,0.011043393472838382,0.004580791471931248,31.37889966513234,0.018219940597885675,0.04564888643112318,0.9268402777777777,0.02315972222222229,0
nslkdd,mlp,DoS,421,False,0.4993963505234961,0.18405685093522503,98.395206303653,0.4993963505234961,0.012399861757030223,0.004949392425313567,59.46463673427635,0.06742230525902226,0.16743853686684848,0.39876378933089374,0.5512362106691062,1
nslkdd,mlp,Probe,206,False,0.38304902327085766,0.003771566331109047,28.001514786878342,0.38304902327085766,0.028708350295277234,0.01265433944100861,25.091881690355528,0.04963256228538049,0.13955597435200398,0.6278059099362795,0.32219409006372046,1
nslkdd,mlp,R2L,0,True,,0.007462686567164179,,,,,,,,0.02981848141104289,0.920181518588957,1
nslkdd,mlp,Normal,1755,False,0.17310273222104794,-0.2177578912123702,35.577707191399305,0.17310273222104794,0.01068188490952156,0.004565242117423199,25.507172843670382,0.016000763177403066,0.04287574984933608,0.9268402777777777,0.02315972222222229,0
nslkdd,mlp,DoS,370,False,0.4636449221354882,0.20586774828260307,83.65863708612814,0.4636449221354882,0.012728807908053192,0.005389952907829569,56.17078014512182,0.06834761997434147,0.16912180179006278,0.39876378933089374,0.5512362106691062,1
nslkdd,mlp,Probe,202,False,0.32189023037858067,0.005450375735240334,24.369331938101478,0.32189023037858067,0.02681075517086459,0.012108640317150386,25.64993017398091,0.03655913081903661,0.10975980644126945,0.6278059099362795,0.32219409006372046,1
nslkdd,mlp,R2L,2,True,,0.0066043174684517324,,,,,,,,0.02981848141104289,0.920181518588957,1
nslkdd,mlp,Normal,1704,False,0.16667629578996168,-0.1952422660973443,33.151077948030256,0.16667629578996168,0.010703337268512397,0.004704913631042781,33.7577669674659,0.0199201931609021,0.05003947160674796,0.9268402777777777,0.02315972222222229,0
nslkdd,mlp,DoS,432,False,0.4721409181314842,0.17941731799380528,77.55983404433053,0.4721409181314842,0.012203008251357308,0.0059301043581042505,53.99544848882616,0.07370474147006356,0.17512738124495988,0.39876378933089374,0.5512362106691062,1
nslkdd,mlp,Probe,193,False,0.5298247389237917,0.00938407666060051,39.60369817673217,0.5298247389237917,0.02928864359414665,0.012638620087851247,29.415641800736704,0.049035243860594546,0.15506263379094548,0.6278059099362795,0.32219409006372046,1
nslkdd,mlp,R2L,0,True,,0.007462686567164179,,,,,,,,0.02981848141104289,0.920181518588957,1
ugr16,mlp,background,221707,False,0.06983405653396818,-0.012817500000000037,43.68232133921898,0.06983405653396818,0.004400117449386465,0.0014979501335665886,40.31912841495257,0.019194021219473667,0.0384293118357624,0.9491499999999999,0.0008500000000000174,0
ugr16,mlp,dos,50192,False,0.01998335166058176,-9.666666666666157e-05,4.019577173394861,0.01998335166058176,0.007545735885564581,0.0030942597289437277,9.939851530213422,0.0014274549657009583,0.003983195887075401,0.9503233333333333,-0.00032333333333334213,0
ugr16,mlp,nerisbotnet,26695,False,0.028565991303960425,0.013295833333333326,5.355580524092812,0.028565991303960425,0.008990712842927167,0.003655117941551096,3.626896039241577,0.0040738777715921826,0.006856730866493382,0.9472833333333334,0.0027166666666665895,0
ugr16,mlp,scan11,40499,False,0.1223485776592026,0.013152499999999998,33.92058585941326,0.1223485776592026,0.010240846402665215,0.0033050057484613434,10.638061684504443,0.00881035495531346,0.003220938553808228,0.5350233333333333,0.41497666666666666,1
ugr16,mlp,scan44,60907,False,0.1509108146516253,-0.01353416666666668,52.94409929137611,0.1509108146516253,0.008798156909123875,0.0026842020101312722,4.313526133437691,0.0063014187466443605,0.008770909069925503,0.7990233333333333,0.15097666666666665,1
ugr16,mlp,background,221765,False,0.06995177616770687,-0.013512499999999927,39.03606894693667,0.06995177616770687,0.004420306210977509,0.0016787415260949808,41.51888136574226,0.018689651220630932,0.037907367525749275,0.9491499999999999,0.0008500000000000174,0
ugr16,mlp,dos,50244,False,0.010149196006423264,-0.00020999999999998797,0.7608402899661515,0.010149196006423264,0.007614457555581713,0.003331498718284644,1.3378732276073135,0.0007493545770178578,0.00039899893407129017,0.9503233333333333,-0.00032333333333334213,0
ugr16,mlp,nerisbotnet,26669,False,0.030073443759314644,0.014127500000000001,5.160097515311735,0.030073443759314644,0.0093546231474548,0.004015199431867358,4.350688168283286,0.004039605318799211,0.00981632831462309,0.9472833333333334,0.0027166666666665895,0
ugr16,mlp,scan11,46894,False,0.15500594532160866,0.03344833333333333,47.29931784876848,0.15500594532160866,0.00900764753235743,0.003086689289178671,26.745962746048423,0.02810813762980069,0.019154596032220028,0.5350233333333333,0.41497666666666666,1
ugr16,mlp,scan44,54428,False,0.09018664933385268,-0.03385333333333333,26.495140279638793,0.09018664933385268,0.009953547638214958,0.0030282195470123976,17.10284008557606,0.01828746122495628,0.052358799711360815,0.7990233333333333,0.15097666666666665,1
ugr16,mlp,background,221568,False,0.06837064602085013,-0.01428666666666667,39.83814456879294,0.06837064602085013,0.004672011309690315,0.0015989357787776566,40.05720032360049,0.01839917297594673,0.03737580334210658,0.9491499999999999,0.0008500000000000174,0
ugr16,mlp,dos,50176,False,0.019045631275768055,-0.0001233333333333364,3.5295178140855676,0.019045631275768055,0.00820022806859103,0.003072771913459478,5.553467459654553,0.0006503788158722656,0.00274343830812996,0.9503233333333333,-0.00032333333333334213,0
ugr16,mlp,nerisbotnet,26739,False,0.043492790685006,0.014919166666666664,8.608409684775465,0.043492790685006,0.009666224592250916,0.003929479117679492,9.432501540761598,0.012420842668165455,0.01957861710693351,0.9472833333333334,0.0027166666666665895,0
ugr16,mlp,scan11,55546,False,0.14224368834653234,0.028751666666666675,51.43290774914905,0.14224368834653234,0.00844524087615079,0.0026014171340059075,24.264914056841622,0.017464413009306567,0.00086990177605617,0.5350233333333333,0.41497666666666666,1
ugr16,mlp,scan44,45971,False,0.13197079414047785,-0.029260833333333333,32.61829989007579,0.13197079414047785,0.011218456005972972,0.00370198135836148,12.983118863808912,0.021008772584495627,0.06636318052196927,0.7990233333333333,0.15097666666666665,1
ugr16,mlp,background,222159,False,0.06503088108803379,-0.013997499999999996,39.371744686519826,0.06503088108803379,0.004462825150990401,0.001538363524890498,42.33692660274141,0.01764058825609005,0.03587175628281292,0.9491499999999999,0.0008500000000000174,0
ugr16,mlp,dos,50201,False,0.01880797174083587,-0.0001691666666666647,3.2452428711066923,0.01880797174083587,0.007847118758124256,0.0033775139236262297,3.636329121897072,0.00027571885119215267,0.0007695585598880023,0.9503233333333333,-0.00032333333333334213,0
ugr16,mlp,nerisbotnet,26563,False,0.07553633427515694,0.014125833333333337,16.89315300287208,0.07553633427515694,0.009774600308263775,0.003892804022772583,4.451379265077309,0.004081130655051113,0.009773724480491464,0.9472833333333334,0.0027166666666665895,0
ugr16,mlp,scan11,43804,False,0.2660136983894902,0.026073333333333337,82.26086662423768,0.2660136983894902,0.00960727367318811,0.003116991532408114,62.89325543794561,0.04440585366092775,0.038139824923940524,0.5350233333333333,0.41497666666666666,1
ugr16,mlp,scan44,57273,False,0.11431675945741643,-0.026032499999999986,28.924228281466416,0.11431675945741643,0.01044603755855131,0.0035911320049088974,5.934399651505296,0.009344474483652832,0.036571257229231435,0.7990233333333333,0.15097666666666665,1
ugr16,mlp,background,222180,False,0.06795281444714868,-0.012333333333333307,38.8748391591384,0.06795281444714868,0.004486550402120825,0.0016325794631643815,46.994714144579405,0.019070205244055893,0.038019393511388805,0.9491499999999999,0.0008500000000000174,0
ugr16,mlp,dos,50177,False,0.01566205234322017,-0.00017583333333334727,2.2709481111730767,0.01566205234322017,0.008020148840746123,0.003365071823911714,8.400408863864868,0.0013205534865778912,0.0027923021229402656,0.9503233333333333,-0.00032333333333334213,0
ugr16,mlp,nerisbotnet,26275,False,0.03384549355185407,0.01301250000000001,5.100292534889845,0.03384549355185407,0.011104741294368408,0.004458715279941646,0.9212855598230041,0.0022439082438310276,0.005353377335561002,0.9472833333333334,0.0027166666666665895,0
ugr16,mlp,scan11,40035,False,0.10848697045257816,0.012045833333333339,27.43657511217181,0.10848697045257816,0.010680828082651226,0.0035648087259454175,17.031040858764626,0.018961579440929355,0.04098266394599592,0.5350233333333333,0.41497666666666666,1
ugr16,mlp,scan44,61333,False,0.13292873457068682,-0.012549166666666667,42.46001268566572,0.13292873457068682,0.009183834800400296,0.0029143867828391435,20.435730297796486,0.02602292726661115,0.026820530216088934,0.7990233333333333,0.15097666666666665,1
ugr16,mlp,background,222032,False,0.06799295907366792,-0.012880000000000003,37.8794421517578,0.06799295907366792,0.004496875728242338,0.0016762676464726935,43.236339890356675,0.01884277053275618,0.037795019060407664,0.9491499999999999,0.0008500000000000174,0
ugr16,mlp,dos,50187,False,0.01753165729661689,-0.00015083333333335003,2.896540900324669,0.01753165729661689,0.008478991497719525,0.0031253367759739438,7.407090216200221,0.0008942970335815703,0.003464020664611593,0.9503233333333333,-0.00032333333333334213,0
ugr16,mlp,nerisbotnet,26351,False,0.03155975332287664,0.013539166666666658,5.252519878191223,0.03155975332287664,0.009853239758697094,0.004132590464684634,0.22692421690683387,0.0011244805831467364,0.004222719288261095,0.9472833333333334,0.0027166666666665895,0
ugr16,mlp,scan11,48508,False,0.11933470096003435,0.03423,33.162522228741224,0.11933470096003435,0.009503875804046333,0.003311896013168747,26.514167075856346,0.02714681286830356,0.010245143421382163,0.5350233333333333,0.41497666666666666,1
ugr16,mlp,scan44,52922,False,0.11691970960814924,-0.03473833333333334,28.813741703273354,0.11691970960814924,0.010919817669536465,0.0036787964933610398,7.00688001550377,0.009888176598615517,0.007812189429528049,0.7990233333333333,0.15097666666666665,1
ugr16,mlp,background,222109,False,0.06627616082350177,-0.013155833333333256,40.58097202208621,0.06627616082350177,0.00423039046172178,0.0015289375111077071,43.31576830871162,0.017983679512458273,0.036438533827441444,0.9491499999999999,0.0008500000000000174,0
ugr16,mlp,dos,50205,False,0.018851935786678875,-0.0001791666666666747,3.8328062436723123,0.018851935786678875,0.007481120822182244,0.002966707483131721,1.2041288384073996,0.00031249596748150754,0.0015224762655649433,0.9503233333333333,-0.00032333333333334213,0
ugr16,mlp,nerisbotnet,26430,False,0.033213810387568876,0.013908333333333342,6.935544187866588,0.033213810387568876,0.009480215365210796,0.00342202347493927,4.382033626413015,0.0042154836570604814,0.00893611051419653,0.9472833333333334,0.0027166666666665895,0
ugr16,mlp,scan11,44477,False,0.11972807492867885,0.02217416666666666,36.138713476560596,0.11972807492867885,0.009487457106314963,0.0030504853996494766,8.448828207154447,0.008494427936313498,0.0054127120840781195,0.5350233333333333,0.41497666666666666,1
ugr16,mlp,scan44,56779,False,0.21243436520804612,-0.022747500000000004,60.83886590825939,0.21243436520804612,0.01029905022615453,0.0033224701342509737,29.307613408620544,0.032229630418062594,0.007676810345157659,0.7990233333333333,0.15097666666666665,1
ugr16,mlp,background,222008,False,0.06887847106627781,-0.013619999999999965,41.577609092344076,0.06887847106627781,0.004447302332437024,0.0015496602652340793,40.96025129910325,0.018786010609675774,0.03792672716315251,0.9491499999999999,0.0008500000000000174,0
ugr16,mlp,dos,50167,False,0.01091967517156879,-0.00015083333333332227,0.6617719474100275,0.01091967517156879,0.008648044721688636,0.0034326484505283416,3.4609628890499082,0.0003703146675037017,0.0007938203102919421,0.9503233333333333,-0.00032333333333334213,0
ugr16,mlp,nerisbotnet,26700,False,0.0778396642266872,0.014066666666666658,19.58131080474327,0.0778396642266872,0.009017511274960744,0.003514685693822671,3.342234296734171,0.003822211378654905,0.009544130953464666,0.9472833333333334,0.0027166666666665895,0
ugr16,mlp,scan11,39726,False,0.11063512105596274,0.018501666666666666,28.86039289369821,0.11063512105596274,0.01067635041083907,0.0034635277147231796,3.0763048916894156,0.005931049913589281,0.009227261465131475,0.5350233333333333,0.41497666666666666,1
ugr16,mlp,scan44,61399,False,0.18322764313549117,-0.018797500000000023,56.15305323077229,0.18322764313549117,0.00953485046929698,0.0030932029991738593,28.591325549051025,0.04252911245209301,0.04387979429958361,0.7990233333333333,0.15097666666666665,1
ugr16,mlp,background,222421,False,0.06970970131154375,-0.01270249999999995,38.870215058095646,0.06970970131154375,0.0042884429346064425,0.0016830691129225378,42.59852918237973,0.01888617188537922,0.03794246136612783,0.9491499999999999,0.0008500000000000174,0
ugr16,mlp,dos,50181,False,0.01211777483080076,-0.00013583333333333503,1.523754975951123,0.01211777483080076,0.007706408268221452,0.002895062941353643,1.9368779573658794,0.00040972396406779854,9.982537225244545e-05,0.9503233333333333,-0.00032333333333334213,0
ugr16,mlp,nerisbotnet,25985,False,0.053880559381802307,0.01322083333333332,11.55229467353044,0.053880559381802307,0.010059929545467316,0.0037932403106666237,2.65009064535408,0.0024779757947678283,0.0064334711708564085,0.9472833333333334,0.0027166666666665895,0
ugr16,mlp,scan11,39941,False,0.16379834193192525,0.01743083333333334,47.28373685048151,0.16379834193192525,0.009952697601421952,0.0032536693285682354,22.171491960689192,0.027418364266720285,0.0067742212360072385,0.5350233333333333,0.41497666666666666,1
ugr16,mlp,scan44,61472,False,0.24797351429042874,-0.017813333333333348,80.69833360181941,0.24797351429042874,0.009822326856871956,0.0029511289366722124,39.03719440740112,0.053005032193918944,0.024318446967345253,0.7990233333333333,0.15097666666666665,1
cicids2017,mlp,Benign,153614,False,0.0024096810791470386,-0.5186775495143037,0.8138107707166352,0.0024096810791470386,0.0015343817417738865,0.0010755563441392777,7.081863557270891,0.00017488730053105694,0.0006133824214426959,0.9500806666666667,-8.066666666672884e-05,0
cicids2017,mlp,DoS,1180,False,0.03149868149628898,0.5186775495143037,3.186325006965428,0.03149868149628898,0.009766198854815729,0.006820547996191606,4.098574054384835,0.00016754982955113906,0.00040623392352202934,0.6038966666666667,0.3461033333333332,1
cicids2017,mlp,Benign,153399,False,0.001638675997306929,-0.5172473347872888,2.685852490098204,0.001638675997306929,0.0006363271027709871,0.0003731958096102636,5.524352417248284,0.00032805099635735413,0.0007205496650325373,0.9500806666666667,-8.066666666672884e-05,0
cicids2017,mlp,DoS,1395,False,0.21077958886631704,0.5172473347872888,37.447269682611015,0.21077958886631704,0.00815995948311313,0.005410798466764914,39.59299414923261,0.0047415749167432075,0.0159282595200775,0.6038966666666667,0.3461033333333332,1
cicids2017,mlp,Benign,153483,False,0.0017080086379141317,-0.5179550794919553,1.7114222106924721,0.0017080086379141317,0.0007334264432146373,0.0005694574889881562,0.7407856607742801,2.4855988244310012e-05,6.678654269269877e-05,0.9500806666666667,-8.066666666672884e-05,0
cicids2017,mlp,DoS,1311,False,0.1345280608164011,0.5179550794919553,15.682676435776512,0.1345280608164011,0.010674896639447713,0.00789745071156414,31.34216700409819,0.0058604723851776175,0.011229699229515052,0.6038966666666667,0.3461033333333332,1
cicids2017,mlp,Benign,155100,False,0.00457926049073391,-0.48323325552069324,17.376284109959624,0.00457926049073391,0.0004355246458851107,0.00023847076962063026,15.031356634800263,0.0010220860816527733,0.0023628533058332886,0.9500806666666667,-8.066666666672884e-05,0
cicids2017,mlp,DoS,5520,False,0.23477334110046072,0.48323325552069313,92.46275437158678,0.23477334110046072,0.0042322702077706555,0.0024933398584060986,101.20736968685411,0.03130634085469275,0.08489797824341262,0.6038966666666667,0.3461033333333332,1
cicids2017,mlp,Benign,156493,False,0.01389761142056184,-0.491863868975619,23.814378210899765,0.01389761142056184,0.0007668383174351867,0.0005513800522877704,8.213600826440466,0.0002593415386749065,0.0008501031296996291,0.9500806666666667,-8.066666666672884e-05,0
cicids2017,mlp,DoS,4127,False,0.2496964573586737,0.49186386897561907,136.70205011270255,0.2496964573586737,0.003406268999701258,0.0018016568746110327,123.93347846188448,0.04801303159862491,0.11805573146518307,0.6038966666666667,0.3461033333333332,1
cicids2017,mlp,Benign,155567,False,0.0027926611422888978,-0.4861407390221251,12.50369546264412,0.0027926611422888978,0.0003859665231434642,0.00019247866571411976,9.664784999251792,0.0009259370664240762,0.0017241520085921201,0.9500806666666667,-8.066666666672884e-05,0
cicids2017,mlp,DoS,5053,False,0.047694438947160106,0.4861407390221251,36.78313609858722,0.047694438947160106,0.002464227664225714,0.0012296453233815376,41.80361546251195,0.010568761727767328,0.0220915123483519,0.6038966666666667,0.3461033333333332,1
cicids2017,mlp,Benign,157524,False,0.009280856572645374,-0.46840996352750647,24.33260048310779,0.009280856572645374,0.0006840813720682388,0.0003533027719969841,22.38453987690052,0.0043020599100771495,0.006172196519443764,0.9500806666666667,-8.066666666672884e-05,0
cicids2017,mlp,DoS,7094,False,0.1540746336112815,0.4684099635275064,51.6629416617222,0.1540746336112815,0.003682700271948924,0.0029110214885568557,3.28669062152079,8.741317766591816e-05,0.0002482395275006611,0.6038966666666667,0.3461033333333332,1
cicids2017,mlp,Benign,157963,False,0.007247417196654055,-0.47107674358801016,21.65713097825192,0.007247417196654055,0.0006741644813108799,0.00030351447391365144,16.629588096630762,0.0028765640437797835,0.004463474590237208,0.9500806666666667,-8.066666666672884e-05,0
cicids2017,mlp,DoS,6655,False,0.14228753770602737,0.4710767435880101,50.9005352605791,0.14228753770602737,0.004786346959757279,0.002701370232009339,56.94945619378256,0.011359580233435973,0.027108611956164846,0.6038966666666667,0.3461033333333332,1
cicids2017,mlp,Benign,157432,False,0.0012839767140846443,-0.46797879423196315,8.526158591389912,0.0012839767140846443,0.00028115939033374445,0.00011761654595113778,5.863956711926683,0.000349678854730362,0.0006779444948418614,0.9500806666666667,-8.066666666672884e-05,0
cicids2017,mlp,DoS,7186,False,0.13818833591998955,0.4679787942319631,55.42228705623154,0.13818833591998955,0.004298270754638239,0.002415816312840108,64.96361871732613,0.021343137104168575,0.05083104155627815,0.6038966666666667,0.3461033333333332,1
ciciot2023,mlp,Benign,17247,False,0.017230695589446343,0.0009005521478845369,1.2175233982537548,0.017230695589446343,0.012659827161748112,0.003754234566870785,0.062390780939954024,0.0023897825249021842,0.00533030124591638,0.9505799641726637,-0.000579964172663705,0
ciciot2023,mlp,BruteForce,1050,False,0.06259091532866745,-0.00010664829919832019,0.7912945530817412,0.06259091532866745,0.04992128447920954,0.016011270139691114,0.8343737478847724,0.021631306864211775,0.053014612037764974,0.9558129005818419,-0.005812900581841918,0
ciciot2023,mlp,DDoS,194808,False,0.0021290092870970834,0.00409128699722755,-1.1838052691814478,0.0021290092870970834,0.003408938519085307,0.0010811991341052585,0.4531750893124208,0.00017681243983769246,0.0005326024649366483,0.9500033294205956,-3.3294205956657663e-06,0
ciciot2023,mlp,DoS,73207,False,0.007632682530172796,0.0018751003823698487,0.9753539790709462,0.007632682530172796,0.005904480640392097,0.0017718714711420596,-0.9481546019001359,0.00012095518194188415,0.00039692873859460687,0.9498612247829219,0.00013877521707805762,0
ciciot2023,mlp,Mirai,53940,False,0.0019942734594748344,0.0010504288602226075,-0.8213471924779946,0.0019942734594748344,0.0030327653981144253,0.0012643763175308035,-0.012387974782758491,0.00011822064259459086,0.0003439407700888317,0.950362697674883,-0.00036269767488306126,0
ciciot2023,mlp,Recon,79770,False,0.01384813476478014,-0.0029091601403953837,3.9110787342733513,0.01384813476478014,0.006235679454604593,0.0019463825270165224,5.382420678823289,0.005867541337819859,0.012181705332832249,0.9497292995008668,0.0002707004991331363,0
ciciot2023,mlp,Spoofing,32414,False,0.03069862748747143,-0.0022868070138138685,7.977120700753544,0.03069862748747143,0.009396493303903197,0.0026704038941714856,8.260520854687009,0.015561075698217741,0.033058118631737965,0.9528379475048357,-0.0028379475048357916,0
ciciot2023,mlp,Web,3738,False,0.11165889576804511,-0.0026147529342970145,8.535420598144754,0.11165889576804511,0.03175832505286759,0.009361058403207992,5.6697592313858785,0.036540153938198205,0.08731397931720819,0.9519120427455815,-0.0019120427455815436,0
ciciot2023,mlp,Benign,16261,False,0.014780473229304703,0.0009048588100936741,0.44764235716877526,0.014780473229304703,0.01300316835344454,0.003970367967636411,1.1682078437862309,0.004257467442966623,0.007478491963533118,0.9505799641726637,-0.000579964172663705,0
ciciot2023,mlp,BruteForce,991,False,0.03754577716300639,7.962187212258486e-05,-0.8597613026281463,0.03754577716300639,0.05025054138935816,0.014777083113086661,-0.09655209100598487,0.010041923382903772,0.015066488981322068,0.9558129005818419,-0.005812900581841918,0
ciciot2023,mlp,DDoS,195612,False,0.0013141806694660363,0.004574514216546588,-1.7611288018429314,0.0013141806694660363,0.003387005073089929,0.001176986261001914,-0.8917184803158164,7.401905860471292e-05,0.0002270579295522955,0.9500033294205956,-3.3294205956657663e-06,0
ciciot2023,mlp,DoS,71905,False,0.006231490220710012,0.0013954982976294716,0.2106981021857423,0.006231490220710012,0.005828051410577012,0.0019147719222328138,-1.2161007425152301,5.652114928411667e-05,0.0004436930048111465,0.9498612247829219,0.00013877521707805762,0
ciciot2023,mlp,Mirai,53920,False,0.001781832356808559,0.0010310122703245522,-1.3477582830455834,0.001781832356808559,0.003752024945464072,0.0014618293305557655,-0.6654285046200322,4.98331098052196e-05,0.00015386932003250533,0.950362697674883,-0.00036269767488306126,0
ciciot2023,mlp,Recon,80704,False,0.015217263126485303,-0.0036977602463743597,4.858218576199446,0.015217263126485303,0.006062997631289473,0.0018842844041729292,6.59471569113543,0.007289510289587464,0.01598919218764061,0.9497292995008668,0.0002707004991331363,0
ciciot2023,mlp,Spoofing,33271,False,0.0224138298536391,-0.00185017807096792,5.081578798472362,0.0224138298536391,0.008952046837330401,0.0026491339700086152,4.5169839874539806,0.010065461981682011,0.022418002018365246,0.9528379475048357,-0.0028379475048357916,0
ciciot2023,mlp,Web,3510,False,0.10317607249015193,-0.002437567149374616,7.019557250735302,0.10317607249015193,0.0321328437573925,0.010120756366125173,5.810187375647439,0.03568208527322603,0.09388491718799419,0.9519120427455815,-0.0019120427455815436,0
ciciot2023,mlp,Benign,16448,False,0.012883722695293032,0.0006720541385088,-0.06511227826027954,0.012883722695293032,0.01310878254214411,0.0034564885896239917,-0.09911635127568987,0.0021255895985181628,0.004650832516918002,0.9505799641726637,-0.000579964172663705,0
ciciot2023,mlp,BruteForce,1053,False,0.04106733375026059,2.5946183732204146e-05,-0.24114512284789977,0.04106733375026059,0.044875616704885,0.015792494202864108,-0.8273492006802766,0.003828621676463362,0.0026315119130951303,0.9558129005818419,-0.005812900581841918,0
ciciot2023,mlp,DDoS,194772,False,0.0010279966077793145,0.004575065113194332,-1.5704644347104142,0.0010279966077793145,0.002733874249359539,0.0010862249433205278,-0.09384332081119706,0.00018073024577680563,0.0002761087388681478,0.9500033294205956,-3.3294205956657663e-06,0
ciciot2023,mlp,DoS,73323,False,0.004462255417266109,0.0013994031655610306,-0.5045637721988846,0.004462255417266109,0.005332097879212565,0.0017239494983075975,-0.8408579674287143,0.00020065957481796293,0.00015119162501323058,0.9498612247829219,0.00013877521707805762,0
ciciot2023,mlp,Mirai,53918,False,0.0012852187751777495,0.0010986560717690802,0.7034476119520103,0.0012852187751777495,0.0009991810033856065,0.00040662270641364653,-0.7163172705522454,5.5545185536742814e-05,0.00010909651185496113,0.950362697674883,-0.00036269767488306126,0
ciciot2023,mlp,Recon,80173,False,0.016246296021884266,-0.0035585347849902693,5.992733107320458,0.016246296021884266,0.005900176595518514,0.0017264442185365122,6.777800284432324,0.007426551582148222,0.016002610054847488,0.9497292995008668,0.0002707004991331363,0
ciciot2023,mlp,Spoofing,33195,False,0.029003092639467765,-0.0023667776789808997,7.252828117072767,0.029003092639467765,0.009459211221221677,0.0026946566363872386,6.777091234599777,0.013150959372267401,0.028365944771229668,0.9528379475048357,-0.0028379475048357916,0
ciciot2023,mlp,Web,3292,False,0.10751624024833728,-0.0018458122087942983,7.625489134457207,0.10751624024833728,0.03313655404757509,0.009754087231553918,7.719095313590801,0.05358428498113832,0.10512373565289446,0.9519120427455815,-0.0019120427455815436,0
ciciot2023,mlp,Benign,16959,False,0.01391804626475035,0.00045015257774087825,0.14662793120593903,0.01391804626475035,0.013301007408071839,0.004208194520673418,-0.5031824037218469,0.001299549777153075,0.003606874704323193,0.9505799641726637,-0.000579964172663705,0
ciciot2023,mlp,BruteForce,969,False,0.046182414735210994,-4.2951591942504835e-05,-0.291420661417583,0.046182414735210994,0.05077703645848037,0.01576628678597926,0.6207250525738851,0.016990075326929976,0.03696959353358786,0.9558129005818419,-0.005812900581841918,0
ciciot2023,mlp,DDoS,195282,False,0.0016597865761663194,0.003975798641491224,-1.3179618506868551,0.0016597865761663194,0.0033569601744088884,0.0012877258908200475,1.2989310910481815,0.00027619666016431843,0.0005972586468957278,0.9500033294205956,-3.3294205956657663e-06,0
ciciot2023,mlp,DoS,72614,False,0.0034784312415866853,0.0018212894451498374,-0.8981915064313645,0.0034784312415866853,0.005004219728143838,0.001698734040159559,-0.8229986288960466,0.00015659741930096338,0.0004903041302133093,0.9498612247829219,0.00013877521707805762,0
ciciot2023,mlp,Mirai,54020,False,0.002923138853330551,0.0011723768764548975,-0.5730305907316555,0.002923138853330551,0.003775608933813439,0.0014876519583264124,1.9197867394830979,0.00027811341724204297,0.0006327696769561852,0.950362697674883,-0.00036269767488306126,0
ciciot2023,mlp,Recon,79247,False,0.011441284204235402,-0.002047335585862925,3.077290273309125,0.011441284204235402,0.006060097444129264,0.0017486770119737672,3.1760044422993925,0.004576803979722488,0.011297984831241559,0.9497292995008668,0.0002707004991331363,0
ciciot2023,mlp,Spoofing,32970,False,0.02320321675972692,-0.0018229372260306492,4.473410358869666,0.02320321675972692,0.009563500292725591,0.003049064443631277,5.730865762812873,0.010421672149392824,0.022599217336007837,0.9528379475048357,-0.0028379475048357916,0
ciciot2023,mlp,Web,4113,False,0.14681934545418007,-0.0035063931370007528,11.51451574706688,0.14681934545418007,0.03229659646557651,0.009945945752671033,10.757992017129652,0.048979606297634315,0.11602475816119773,0.9519120427455815,-0.0019120427455815436,0
ciciot2023,mlp,Benign,16399,False,0.021706249424582325,0.0011527003974646788,1.9861585361681553,0.021706249424582325,0.013479223386409257,0.004142179935970901,1.2143708431149152,0.004481380570530602,0.009595483179210329,0.9505799641726637,-0.000579964172663705,0
ciciot2023,mlp,BruteForce,1016,False,0.0492070376796121,1.2166320740805963e-05,-0.20036440210591222,0.0492070376796121,0.05231093465011789,0.015491259614395386,-0.6662622243150909,0.0063438052421331825,0.01947447816345782,0.9558129005818419,-0.005812900581841918,0
ciciot2023,mlp,DDoS,196893,False,0.0032555339341465706,0.00422084418500196,-0.12090062121701846,0.0032555339341465706,0.0034129466233185457,0.0013020006645740633,0.03746519328016031,0.00020150841988997303,0.0006549156184827085,0.9500033294205956,-3.3294205956657663e-06,0
ciciot2023,mlp,DoS,71126,False,0.0064633746797782,0.0016482112973978669,0.14767177611764618,0.0064633746797782,0.006143043940717102,0.0021692076000081333,-0.21343318160381974,0.0002824795949045722,0.0007833424344250439,0.9498612247829219,0.00013877521707805762,0
ciciot2023,mlp,Mirai,53960,False,0.002927652939644393,0.0010824973520178333,-0.9510542717279453,0.002927652939644393,0.00493986605320709,0.002115771069412012,-0.8969862976653526,4.8873421957473795e-05,0.0001926070889458906,0.950362697674883,-0.00036269767488306126,0
ciciot2023,mlp,Recon,81141,False,0.015135412439173268,-0.003833354416050677,4.429992523952819,0.015135412439173268,0.006247778172172114,0.0020062413692452114,6.457782500598217,0.007256223505063497,0.01591166138787692,0.9497292995008668,0.0002707004991331363,0
ciciot2023,mlp,Spoofing,31561,False,0.027020415786581764,-0.001669444781216528,5.918527746033469,0.027020415786581764,0.009695774582860786,0.002927187629614774,5.998264995848502,0.011418812142583223,0.025188884851310378,0.9528379475048357,-0.0028379475048357916,0
ciciot2023,mlp,Web,4078,False,0.07359440902403147,-0.0026136203553559275,4.714540104539834,0.07359440902403147,0.030649279058361942,0.009109081482691347,3.9681982950686536,0.02355066190178401,0.07311938284417974,0.9519120427455815,-0.0019120427455815436,0
ciciot2023,mlp,Benign,16785,False,0.015010548737270646,0.0008126081253081521,0.5550868934101006,0.015010548737270646,0.012961759480773136,0.0036909343038367417,-0.47342679700951396,0.00147281861257742,0.0032713506202503018,0.9505799641726637,-0.000579964172663705,0
ciciot2023,mlp,BruteForce,1086,False,0.027211786372007357,-8.438927896045091e-06,-1.3603843249755179,0.027211786372007357,0.04848475138121547,0.015637467014765073,-0.6725592030413807,0.00578368052044409,0.01709762662365183,0.9558129005818419,-0.005812900581841918,0
ciciot2023,mlp,DDoS,195713,False,0.0014654656112833564,0.004429018884011593,-1.7177731525391269,0.0014654656112833564,0.0035741169706790367,0.0012275493747697574,-0.7139395396998541,8.497005583374406e-05,0.0002903379133077609,0.9500033294205956,-3.3294205956657663e-06,0
ciciot2023,mlp,DoS,72164,False,0.00528101946515791,0.0014033940252891897,-0.3959682457475205,0.00528101946515791,0.005993482808169481,0.0017992941369997014,-0.9468702528775107,0.00012748784369454036,0.00014145490885170142,0.9498612247829219,0.00013877521707805762,0
ciciot2023,mlp,Mirai,53991,False,0.0018173630017724873,0.0010714743851940878,-1.4477781397130383,0.0018173630017724873,0.004241900181567359,0.0016746607185790464,-0.5124022164299367,8.061274714343813e-05,0.00017527600438984377,0.950362697674883,-0.00036269767488306126,0
ciciot2023,mlp,Recon,79551,False,0.014577364698303341,-0.0027453777183388817,4.429199224250043,0.014577364698303341,0.0060301432266056075,0.0019297441905302777,5.962491254811845,0.006634808171855022,0.014169287566236366,0.9497292995008668,0.0002707004991331363,0
ciciot2023,mlp,Spoofing,33481,False,0.03584403262417196,-0.0030443390366736295,9.739358003240135,0.03584403262417196,0.009320730971883578,0.002723311089238581,10.150352102983597,0.018010858745218128,0.038480615110226435,0.9528379475048357,-0.0028379475048357916,0
ciciot2023,mlp,Web,3403,False,0.09208098682736299,-0.0019183397368944784,5.9074825754003015,0.09208098682736299,0.03210120971691644,0.010153187308619731,7.069279074763825,0.042295044601368126,0.08789097763429043,0.9519120427455815,-0.0019120427455815436,0
ciciot2023,mlp,Benign,16542,False,0.01825390972204377,0.0009783944432812872,1.4215238115099869,0.01825390972204377,0.012954753929017042,0.0037277995276053808,1.5071295790675427,0.005017547336167216,0.007552252705392393,0.9505799641726637,-0.000579964172663705,0
ciciot2023,mlp,BruteForce,1169,False,0.05592755375947611,5.717435220861655e-06,0.6329508594254889,0.05592755375947611,0.04595852629715937,0.015750081248590665,-0.9415702892348451,0.003939198440976011,0.014312021518523177,0.9558129005818419,-0.005812900581841918,0
ciciot2023,mlp,DDoS,195591,False,0.0010668482046662653,0.004367511244170619,-1.0184231273132145,0.0010668482046662653,0.0020065168273730345,0.0009226701530097672,-0.7496602527546476,3.67970634005399e-05,0.0001366690523724916,0.9500033294205956,-3.3294205956657663e-06,0
ciciot2023,mlp,DoS,72183,False,0.003955330198892715,0.001583151534881061,-0.46966339878348384,0.003955330198892715,0.004723542737678108,0.0016356661830051209,-0.8374977085242757,8.16703682454678e-05,0.00012323424765622523,0.9498612247829219,0.00013877521707805762,0
ciciot2023,mlp,Mirai,53996,False,0.0008972869227574561,0.0010921434100400473,-0.15373776522035557,0.0008972869227574561,0.0009595634964228642,0.0004050831204430851,-0.7522983521942759,5.904247182553224e-05,0.00013042765601292694,0.950362697674883,-0.00036269767488306126,0
ciciot2023,mlp,Recon,81269,False,0.0178736221357233,-0.0044935061583265545,6.012397181504954,0.0178736221357233,0.006014644485417747,0.0019724208651393767,8.188918942056059,0.008302208767744679,0.018904249783109117,0.9497292995008668,0.0002707004991331363,0
ciciot2023,mlp,Spoofing,33064,False,0.026276081466439172,-0.0022883629369844782,6.309477510692476,0.026276081466439172,0.00917054650167441,0.0027110858126963033,6.23223931042024,0.01274070600222521,0.028749509026590403,0.9528379475048357,-0.0028379475048357916,0
ciciot2023,mlp,Web,2360,False,0.13902672016157652,-0.0012450489722828292,9.153021883787618,0.13902672016157652,0.03860639618985234,0.010971275415564634,8.89539091513087,0.06585872807067239,0.12322244643306413,0.9519120427455815,-0.0019120427455815436,0
ciciot2023,mlp,Benign,16175,False,0.01969917045651204,0.0005873072884346811,1.3483552713238651,0.01969917045651204,0.013979909488564821,0.004241657291354552,-0.1928149021950421,0.002008400779902386,0.0046935626132760255,0.9505799641726637,-0.000579964172663705,0
ciciot2023,mlp,BruteForce,1183,False,0.041288038884192746,3.828690099523437e-05,-0.2197720510561841,0.041288038884192746,0.04486025993237532,0.016254209900736415,-1.4261825173676157,0.00017067189277197858,0.008431946278097402,0.9558129005818419,-0.005812900581841918,0
ciciot2023,mlp,DDoS,195582,False,0.0020802121360300463,0.004045639206761986,-1.0692481218391612,0.0020802121360300463,0.0034440526799374826,0.0012755136212552435,1.6940675417129123,0.0002521096057511718,0.0004750541060772103,0.9500033294205956,-3.3294205956657663e-06,0
ciciot2023,mlp,DoS,72257,False,0.004376992427414128,0.0017182524269896415,-0.6628455444683294,0.004376992427414128,0.005512305918484384,0.0017127873914893625,-0.7991707858171891,0.00013589912359845968,0.0001256034000346462,0.9498612247829219,0.00013877521707805762,0
ciciot2023,mlp,Mirai,53994,False,0.0020463530364569354,0.0010965277019988062,-1.3306391705484366,0.0020463530364569354,0.004672341826726072,0.0019734792484628334,-0.9154405321713123,6.336668509587806e-05,0.00010668244298089359,0.950362697674883,-0.00036269767488306126,0
ciciot2023,mlp,Recon,78936,False,0.012863787973467933,-0.001890632115006008,3.4644596631507234,0.012863787973467933,0.006011078706526989,0.0019780023245266494,3.5152835197549077,0.004565037702596864,0.01006652516252915,0.9497292995008668,0.0002707004991331363,0
ciciot2023,mlp,Spoofing,33770,False,0.029178887188989255,-0.0022988119179262745,6.396892426620925,0.029178887188989255,0.009496563703203008,0.00307685703825149,7.936210166970805,0.01405297420512408,0.030597761565178627,0.9528379475048357,-0.0028379475048357916,0
ciciot2023,mlp,Web,4277,False,0.10068057565124011,-0.0032965694922480315,7.582893444960711,0.10068057565124011,0.0307290295331343,0.009224914819895408,5.5670066376601675,0.028425290320862162,0.07705906291593034,0.9519120427455815,-0.0019120427455815436,0
ciciot2023,mlp,Benign,16681,False,0.01389614293986674,0.0007306197106839579,0.18473369723119237,0.01389614293986674,0.013224355598961008,0.003636517597896595,-0.05126510172957411,0.0023473234020531253,0.0033845037593417393,0.9505799641726637,-0.000579964172663705,0
ciciot2023,mlp,BruteForce,1012,False,0.03708439897698207,0.00014745392362987275,-0.34045853332039266,0.03708439897698207,0.04206521739130435,0.014629735861650508,0.43685038304999135,0.01456846555764657,0.018082022318635038,0.9558129005818419,-0.005812900581841918,0
ciciot2023,mlp,DDoS,195550,False,0.0020394771024453695,0.0040462024176679545,-0.8494025574154134,0.0020394771024453695,0.00301084893365422,0.0011435941918571198,0.9134389010543369,0.0002289453614984227,0.0004357455971624614,0.9500033294205956,-3.3294205956657663e-06,0
ciciot2023,mlp,DoS,72433,False,0.006993111746609271,0.0019144222218868967,0.9002539888413261,0.006993111746609271,0.005051330371973135,0.0021569261549569023,-0.5868755094644833,0.00015785308164328882,0.0005766711177903616,0.9498612247829219,0.00013877521707805762,0
ciciot2023,mlp,Mirai,54025,False,0.001592734203428925,0.0011171344899179453,1.2768543732658262,0.001592734203428925,0.0010554144172208934,0.0004208152452293538,-0.06914886900935265,0.00011011717242570551,0.00019206439146297926,0.950362697674883,-0.00036269767488306126,0
ciciot2023,mlp,Recon,81197,False,0.018428819360391424,-0.004886029380336998,7.241270481923202,0.018428819360391424,0.005757861508957354,0.0017498252389639784,7.1077704581165175,0.008305761629044506,0.017701756878963026,0.9497292995008668,0.0002707004991331363,0
ciciot2023,mlp,Spoofing,32881,False,0.02682558792769152,-0.001975763536037081,5.171422727091706,0.02682558792769152,0.009897072590153962,0.0032734735160700706,7.249141148873515,0.012377880676807118,0.02840444270469955,0.9528379475048357,-0.0028379475048357916,0
ciciot2023,mlp,Web,2395,False,0.10354334086424344,-0.0010940398474125583,5.559104329253904,0.10354334086424344,0.03811911230588841,0.011768843447328451,6.29516115412042,0.05119080636255713,0.10402941376672059,0.9519120427455815,-0.0019120427455815436,0
