dataset,seed,new,old
cicids2017,12345,0.706766917293233,0.706766917293233
cicids2017,12345,0.6714801444043321,0.6714801444043321
cicids2017,12345,0.7123015873015873,0.7123015873015873
cicids2017,12345,0.7148014440433214,0.7166064981949458
cicids2017,12345,0.6599264705882353,0.6599264705882353
cicids2017,12345,0.7027027027027027,0.7027027027027027
cicids2017,12345,0.686456400742115,0.686456400742115
cicids2017,12345,0.7011070110701108,0.7011070110701108
cicids2017,12345,0.707089552238806,0.707089552238806
cicids2017,12345,0.6798561151079137,0.6798561151079137
cicids2017,1337,0.8272058823529411,0.8272058823529411
cicids2017,1337,0.843351548269581,0.843351548269581
cicids2017,1337,0.8432122370936902,0.8432122370936902
cicids2017,1337,0.8568904593639576,0.8586572438162544
cicids2017,1337,0.8307155322862129,0.8307155322862129
cicids2017,1337,0.8464285714285714,0.8464285714285714
cicids2017,1337,0.8260105448154658,0.8260105448154658
cicids2017,1337,0.8264925373134329,0.8264925373134329
cicids2017,1337,0.8067978533094812,0.8067978533094812
cicids2017,1337,0.8490230905861457,0.8490230905861457
cicids2017,2024,0.718336483931947,0.718336483931947
cicids2017,2024,0.6715328467153284,0.6715328467153284
cicids2017,2024,0.6631205673758865,0.6631205673758865
cicids2017,2024,0.6813996316758748,0.6813996316758748
cicids2017,2024,0.6666666666666666,0.6666666666666666
cicids2017,2024,0.674502712477396,0.674502712477396
cicids2017,2024,0.6842105263157895,0.6842105263157895
cicids2017,2024,0.7034358047016275,0.7034358047016275
cicids2017,2024,0.6615384615384615,0.6615384615384615
cicids2017,2024,0.714795008912656,0.714795008912656
cicids2017,3407,0.7348066298342542,0.7348066298342542
cicids2017,3407,0.7097378277153558,0.7097378277153558
cicids2017,3407,0.7546125461254612,0.7546125461254612
cicids2017,3407,0.7054545454545454,0.7072727272727273
cicids2017,3407,0.7074954296160878,0.7074954296160878
cicids2017,3407,0.7210626185958254,0.7210626185958254
cicids2017,3407,0.6725043782837128,0.6725043782837128
cicids2017,3407,0.6943972835314092,0.6943972835314092
cicids2017,3407,0.72552783109405,0.72552783109405
cicids2017,3407,0.7249544626593807,0.7249544626593807
cicids2017,42,0.726775956284153,0.726775956284153
cicids2017,42,0.740418118466899,0.740418118466899
cicids2017,42,0.6824561403508772,0.6824561403508772
cicids2017,42,0.7137404580152672,0.7137404580152672
cicids2017,42,0.7054409005628518,0.7054409005628518
cicids2017,42,0.7145522388059702,0.7145522388059702
cicids2017,42,0.7388059701492538,0.7388059701492538
cicids2017,42,0.7271157167530224,0.7271157167530224
cicids2017,42,0.7086466165413534,0.7086466165413534
cicids2017,42,0.6883561643835616,0.6934931506849316
cicids2017,512,0.7296296296296296,0.7296296296296296
cicids2017,512,0.7281368821292775,0.7281368821292775
cicids2017,512,0.7513321492007105,0.7513321492007105
cicids2017,512,0.7721280602636534,0.7721280602636534
cicids2017,512,0.7401869158878505,0.7401869158878505
cicids2017,512,0.7367424242424242,0.7367424242424242
cicids2017,512,0.7476808905380334,0.7476808905380334
cicids2017,512,0.75,0.75
cicids2017,512,0.7408829174664108,0.7408829174664108
cicids2017,512,0.725417439703154,0.725417439703154
cicids2017,6021,0.8566037735849057,0.8566037735849057
cicids2017,6021,0.8413284132841329,0.8413284132841329
cicids2017,6021,0.8389982110912343,0.8389982110912343
cicids2017,6021,0.8411053540587219,0.8411053540587219
cicids2017,6021,0.8413284132841329,0.8413284132841329
cicids2017,6021,0.8324607329842932,0.8324607329842932
cicids2017,6021,0.8131868131868132,0.8131868131868132
cicids2017,6021,0.8102836879432624,0.8102836879432624
cicids2017,6021,0.8110687022900763,0.8110687022900763
cicids2017,6021,0.822141560798548,0.822141560798548
cicids2017,7,0.8633879781420765,0.8633879781420765
cicids2017,7,0.8645640074211502,0.8645640074211502
cicids2017,7,0.8682745825602969,0.8682745825602969
cicids2017,7,0.8374760994263862,0.8374760994263862
cicids2017,7,0.8407224958949097,0.8407224958949097
cicids2017,7,0.8629893238434164,0.8629893238434164
cicids2017,7,0.8533834586466166,0.8533834586466166
cicids2017,7,0.8617594254937163,0.8617594254937163
cicids2017,7,0.858195211786372,0.858195211786372
cicids2017,7,0.8535645472061657,0.8535645472061657
cicids2017,88,0.6895306859205776,0.6895306859205776
cicids2017,88,0.6761565836298933,0.6761565836298933
cicids2017,88,0.6857142857142857,0.6857142857142857
cicids2017,88,0.6561264822134387,0.6561264822134387
cicids2017,88,0.6960600375234521,0.6960600375234521
cicids2017,88,0.6782273603082851,0.6782273603082851
cicids2017,88,0.6856581532416502,0.6856581532416502
cicids2017,88,0.7074954296160878,0.7074954296160878
cicids2017,88,0.7164179104477612,0.7164179104477612
cicids2017,88,0.701627486437613,0.701627486437613
cicids2017,91,0.8761384335154827,0.8761384335154827
cicids2017,91,0.879182156133829,0.879182156133829
cicids2017,91,0.8480769230769231,0.8480769230769231
cicids2017,91,0.8609523809523809,0.8609523809523809
cicids2017,91,0.8685831622176592,0.8685831622176592
cicids2017,91,0.8696498054474708,0.8696498054474708
cicids2017,91,0.8485915492957746,0.8485915492957746
cicids2017,91,0.8507194244604317,0.8507194244604317
cicids2017,91,0.8729582577132486,0.8729582577132486
cicids2017,91,0.8287292817679558,0.8287292817679558
cicids2017,12345,0.8465909090909091,0.8465909090909091
cicids2017,12345,0.8260869565217391,0.8260869565217391
cicids2017,12345,0.8241758241758241,0.8241758241758241
cicids2017,12345,0.825,0.825
cicids2017,12345,0.8318425760286225,0.8318425760286225
cicids2017,12345,0.8050089445438283,0.8067978533094812
cicids2017,12345,0.8376865671641791,0.8376865671641791
cicids2017,12345,0.8438095238095238,0.8438095238095238
cicids2017,12345,0.8393501805054152,0.8393501805054152
cicids2017,12345,0.8069852941176471,0.8069852941176471
cicids2017,1337,0.9135802469135802,0.9135802469135802
cicids2017,1337,0.9023090586145648,0.9023090586145648
cicids2017,1337,0.8848263254113345,0.8848263254113345
cicids2017,1337,0.9005328596802842,0.9005328596802842
cicids2017,1337,0.8948306595365418,0.8948306595365418
cicids2017,1337,0.9072727272727272,0.9072727272727272
cicids2017,1337,0.9289520426287744,0.9289520426287744
cicids2017,1337,0.8913043478260869,0.8932806324110671
cicids2017,1337,0.9072727272727272,0.9072727272727272
cicids2017,1337,0.8856152512998267,0.8856152512998267
cicids2017,2024,0.8948339483394834,0.8948339483394834
cicids2017,2024,0.8848920863309353,0.8848920863309353
cicids2017,2024,0.8650088809946714,0.8650088809946714
cicids2017,2024,0.8623188405797102,0.8623188405797102
cicids2017,2024,0.8790613718411552,0.8790613718411552
cicids2017,2024,0.842,0.842
cicids2017,2024,0.8987108655616943,0.8987108655616943
cicids2017,2024,0.8938848920863309,0.89568345323741
cicids2017,2024,0.878731343283582,0.878731343283582
cicids2017,2024,0.9035714285714286,0.9035714285714286
cicids2017,3407,0.8813868613138686,0.8813868613138686
cicids2017,3407,0.9092592592592592,0.9092592592592592
cicids2017,3407,0.896551724137931,0.896551724137931
cicids2017,3407,0.8817391304347826,0.8817391304347826
cicids2017,3407,0.8729281767955801,0.8729281767955801
cicids2017,3407,0.9072356215213359,0.9072356215213359
cicids2017,3407,0.9084745762711864,0.9084745762711864
cicids2017,3407,0.9127272727272727,0.9127272727272727
cicids2017,3407,0.8878676470588235,0.8878676470588235
cicids2017,3407,0.8923933209647495,0.8923933209647495
cicids2017,42,0.8765652951699463,0.8765652951699463
cicids2017,42,0.9113207547169812,0.9113207547169812
cicids2017,42,0.9251824817518248,0.9251824817518248
cicids2017,42,0.9230769230769231,0.9230769230769231
cicids2017,42,0.9096153846153846,0.9096153846153846
cicids2017,42,0.9040307101727447,0.9040307101727447
cicids2017,42,0.8998109640831758,0.8998109640831758
cicids2017,42,0.9180327868852459,0.9180327868852459
cicids2017,42,0.9191729323308271,0.9191729323308271
cicids2017,42,0.9230769230769231,0.9230769230769231
cicids2017,512,0.9177101967799642,0.9177101967799642
cicids2017,512,0.9090909090909091,0.9090909090909091
cicids2017,512,0.8933566433566433,0.8933566433566433
cicids2017,512,0.900709219858156,0.900709219858156
cicids2017,512,0.8917431192660551,0.8917431192660551
cicids2017,512,0.9023508137432188,0.9023508137432188
cicids2017,512,0.9217877094972067,0.9236499068901304
cicids2017,512,0.8955223880597015,0.8955223880597015
cicids2017,512,0.8947368421052632,0.8947368421052632
cicids2017,512,0.9064748201438849,0.9064748201438849
cicids2017,6021,0.7841105354058722,0.7841105354058722
cicids2017,6021,0.8359073359073359,0.8359073359073359
cicids2017,6021,0.8126195028680688,0.8126195028680688
cicids2017,6021,0.7886497064579256,0.7886497064579256
cicids2017,6021,0.8255395683453237,0.8255395683453237
cicids2017,6021,0.8128654970760234,0.8128654970760234
cicids2017,6021,0.8282442748091603,0.8282442748091603
cicids2017,6021,0.8078358208955224,0.8078358208955224
cicids2017,6021,0.8411552346570397,0.8411552346570397
cicids2017,6021,0.8425925925925926,0.8425925925925926
cicids2017,7,0.9234972677595629,0.9234972677595629
cicids2017,7,0.925531914893617,0.925531914893617
cicids2017,7,0.9186691312384473,0.9186691312384473
cicids2017,7,0.922945205479452,0.922945205479452
cicids2017,7,0.9160447761194029,0.9160447761194029
cicids2017,7,0.9523809523809523,0.9523809523809523
cicids2017,7,0.9247104247104247,0.9247104247104247
cicids2017,7,0.9113207547169812,0.9113207547169812
cicids2017,7,0.925,0.925
cicids2017,7,0.9163822525597269,0.9163822525597269
cicids2017,88,0.8141263940520446,0.8141263940520446
cicids2017,88,0.8287795992714025,0.8306010928961749
cicids2017,88,0.8114602587800369,0.8114602587800369
cicids2017,88,0.8468634686346863,0.8468634686346863
cicids2017,88,0.812015503875969,0.812015503875969
cicids2017,88,0.81195079086116,0.81195079086116
cicids2017,88,0.7992351816443595,0.7992351816443595
cicids2017,88,0.8274021352313167,0.8274021352313167
cicids2017,88,0.8210922787193974,0.8210922787193974
cicids2017,88,0.8280141843971631,0.8280141843971631
cicids2017,91,0.8560460652591171,0.8560460652591171
cicids2017,91,0.8954954954954955,0.8954954954954955
cicids2017,91,0.8862385321100917,0.8862385321100917
cicids2017,91,0.8803738317757009,0.8803738317757009
cicids2017,91,0.8653846153846154,0.8653846153846154
cicids2017,91,0.8772241992882562,0.8772241992882562
cicids2017,91,0.8670212765957447,0.8687943262411347
cicids2017,91,0.8716577540106952,0.8716577540106952
cicids2017,91,0.856140350877193,0.8578947368421053
cicids2017,91,0.8768656716417911,0.8768656716417911
cicids2017,12345,0.9297297297297298,0.9297297297297298
cicids2017,12345,0.9234972677595629,0.9234972677595629
cicids2017,12345,0.9309701492537313,0.9309701492537313
cicids2017,12345,0.9253472222222222,0.9253472222222222
cicids2017,12345,0.9213286713286714,0.9213286713286714
cicids2017,12345,0.9293893129770993,0.9293893129770993
cicids2017,12345,0.9090909090909091,0.9090909090909091
cicids2017,12345,0.9198542805100182,0.9198542805100182
cicids2017,12345,0.9214953271028037,0.9214953271028037
cicids2017,12345,0.9226519337016574,0.9226519337016574
cicids2017,1337,0.9387755102040817,0.9387755102040817
cicids2017,1337,0.9233449477351916,0.9233449477351916
cicids2017,1337,0.9421338155515371,0.9421338155515371
cicids2017,1337,0.935672514619883,0.935672514619883
cicids2017,1337,0.9305555555555556,0.9305555555555556
cicids2017,1337,0.9239130434782609,0.9239130434782609
cicids2017,1337,0.928698752228164,0.928698752228164
cicids2017,1337,0.9152542372881356,0.9152542372881356
cicids2017,1337,0.9387387387387387,0.9387387387387387
cicids2017,1337,0.9245283018867925,0.9245283018867925
cicids2017,2024,0.9262589928057554,0.9262589928057554
cicids2017,2024,0.9245960502692998,0.9245960502692998
cicids2017,2024,0.9117082533589251,0.9117082533589251
cicids2017,2024,0.9181184668989547,0.9181184668989547
cicids2017,2024,0.9196940726577438,0.9196940726577438
cicids2017,2024,0.9177330895795247,0.9177330895795247
cicids2017,2024,0.9428044280442804,0.9428044280442804
cicids2017,2024,0.9049429657794676,0.9049429657794676
cicids2017,2024,0.9353049907578558,0.9353049907578558
cicids2017,2024,0.9089285714285714,0.9089285714285714
cicids2017,3407,0.9270462633451957,0.9270462633451957
cicids2017,3407,0.936247723132969,0.936247723132969
cicids2017,3407,0.9131205673758865,0.9131205673758865
cicids2017,3407,0.9392265193370166,0.9392265193370166
cicids2017,3407,0.9347826086956522,0.9347826086956522
cicids2017,3407,0.9225225225225225,0.9225225225225225
cicids2017,3407,0.9279279279279279,0.9279279279279279
cicids2017,3407,0.9259259259259259,0.9259259259259259
cicids2017,3407,0.9137931034482759,0.9137931034482759
cicids2017,3407,0.9386617100371747,0.9386617100371747
cicids2017,42,0.9152854511970534,0.9152854511970534
cicids2017,42,0.9298561151079137,0.9298561151079137
cicids2017,42,0.9118198874296435,0.9118198874296435
cicids2017,42,0.9240986717267552,0.9240986717267552
cicids2017,42,0.9392265193370166,0.9392265193370166
cicids2017,42,0.9253731343283582,0.9253731343283582
cicids2017,42,0.9121863799283154,0.9121863799283154
cicids2017,42,0.9459962756052142,0.9459962756052142
cicids2017,42,0.9168141592920354,0.9168141592920354
cicids2017,42,0.9445506692160612,0.9445506692160612
cicids2017,512,0.9134438305709024,0.9134438305709024
cicids2017,512,0.9376146788990826,0.9376146788990826
cicids2017,512,0.9385665529010239,0.9385665529010239
cicids2017,512,0.9442307692307692,0.9442307692307692
cicids2017,512,0.8981132075471698,0.8981132075471698
cicids2017,512,0.9267822736030829,0.9267822736030829
cicids2017,512,0.9206349206349206,0.9206349206349206
cicids2017,512,0.9168173598553345,0.9168173598553345
cicids2017,512,0.924865831842576,0.924865831842576
cicids2017,512,0.9215328467153284,0.9215328467153284
cicids2017,6021,0.9264150943396227,0.9264150943396227
cicids2017,6021,0.9315589353612167,0.9315589353612167
cicids2017,6021,0.9437148217636022,0.9437148217636022
cicids2017,6021,0.9390243902439024,0.9390243902439024
cicids2017,6021,0.910873440285205,0.910873440285205
cicids2017,6021,0.9355432780847146,0.9355432780847146
cicids2017,6021,0.9431616341030196,0.9431616341030196
cicids2017,6021,0.9163498098859315,0.9163498098859315
cicids2017,6021,0.9180035650623886,0.9180035650623886
cicids2017,6021,0.9102990033222591,0.9102990033222591
cicids2017,7,0.9259259259259259,0.9259259259259259
cicids2017,7,0.922365988909427,0.922365988909427
cicids2017,7,0.9341085271317829,0.9341085271317829
cicids2017,7,0.9013539651837524,0.9013539651837524
cicids2017,7,0.9218181818181819,0.9218181818181819
cicids2017,7,0.9148148148148149,0.9148148148148149
cicids2017,7,0.950381679389313,0.950381679389313
cicids2017,7,0.9297297297297298,0.9297297297297298
cicids2017,7,0.9280442804428044,0.9298892988929889
cicids2017,7,0.9028776978417267,0.9028776978417267
cicids2017,88,0.9322638146167558,0.9322638146167558
cicids2017,88,0.9233716475095786,0.9233716475095786
cicids2017,88,0.9227871939736346,0.9227871939736346
cicids2017,88,0.9265232974910395,0.9265232974910395
cicids2017,88,0.9474671669793621,0.9474671669793621
cicids2017,88,0.931098696461825,0.931098696461825
cicids2017,88,0.9297297297297298,0.9297297297297298
cicids2017,88,0.9297297297297298,0.9297297297297298
cicids2017,88,0.9327272727272727,0.9327272727272727
cicids2017,88,0.9232142857142858,0.9232142857142858
cicids2017,91,0.9401408450704225,0.9401408450704225
cicids2017,91,0.943089430894309,0.943089430894309
cicids2017,91,0.9484732824427481,0.9484732824427481
cicids2017,91,0.9111111111111111,0.912962962962963
cicids2017,91,0.9168207024029574,0.9168207024029574
cicids2017,91,0.9302325581395349,0.9302325581395349
cicids2017,91,0.9299242424242424,0.9299242424242424
cicids2017,91,0.9165154264972777,0.9183303085299456
cicids2017,91,0.9392265193370166,0.9392265193370166
cicids2017,91,0.9168173598553345,0.9168173598553345
cicids2017,12345,0.5055225148683092,0.5055225148683092
cicids2017,12345,0.47558922558922556,0.47558922558922556
cicids2017,12345,0.5173527037933817,0.5173527037933817
cicids2017,12345,0.4883346741753821,0.4883346741753821
cicids2017,12345,0.4843624699278268,0.4843624699278268
cicids2017,12345,0.4706827309236948,0.4706827309236948
cicids2017,12345,0.49958779884583676,0.49958779884583676
cicids2017,12345,0.5189975747776879,0.5189975747776879
cicids2017,12345,0.4691865242399343,0.4691865242399343
cicids2017,12345,0.4812286689419795,0.4812286689419795
cicids2017,1337,0.5046649703138253,0.5046649703138253
cicids2017,1337,0.5557404326123128,0.5557404326123128
cicids2017,1337,0.5101050929668552,0.5101050929668552
cicids2017,1337,0.5131795716639209,0.5131795716639209
cicids2017,1337,0.5362082994304312,0.5362082994304312
cicids2017,1337,0.5260586319218241,0.5260586319218241
cicids2017,1337,0.5329581993569131,0.5329581993569131
cicids2017,1337,0.520259319286872,0.520259319286872
cicids2017,1337,0.5422077922077922,0.5422077922077922
cicids2017,1337,0.5100725221595488,0.5100725221595488
cicids2017,2024,0.4834123222748815,0.4834123222748815
cicids2017,2024,0.48126561199000834,0.48126561199000834
cicids2017,2024,0.5192465192465192,0.5192465192465192
cicids2017,2024,0.4925864909390445,0.4925864909390445
cicids2017,2024,0.48794679966749793,0.48794679966749793
cicids2017,2024,0.4741591468416735,0.4741591468416735
cicids2017,2024,0.4841666666666667,0.4841666666666667
cicids2017,2024,0.5172413793103449,0.5172413793103449
cicids2017,2024,0.4698205546492659,0.4698205546492659
cicids2017,2024,0.4790268456375839,0.4790268456375839
cicids2017,3407,0.5078864353312302,0.5078864353312302
cicids2017,3407,0.5093877551020408,0.5093877551020408
cicids2017,3407,0.49025720966484804,0.49025720966484804
cicids2017,3407,0.5091053048297703,0.5091053048297703
cicids2017,3407,0.5122362869198313,0.5122362869198313
cicids2017,3407,0.4882970137207425,0.4882970137207425
cicids2017,3407,0.5166139240506329,0.5166139240506329
cicids2017,3407,0.50201126307321,0.50201126307321
cicids2017,3407,0.5105348460291734,0.5105348460291734
cicids2017,3407,0.4738589211618257,0.4738589211618257
cicids2017,42,0.4895498392282958,0.4895498392282958
cicids2017,42,0.513953488372093,0.513953488372093
cicids2017,42,0.4886731391585761,0.4886731391585761
cicids2017,42,0.4826771653543307,0.4826771653543307
cicids2017,42,0.5008389261744967,0.5008389261744967
cicids2017,42,0.483974358974359,0.483974358974359
cicids2017,42,0.4876099120703437,0.4876099120703437
cicids2017,42,0.4828411811652035,0.4828411811652035
cicids2017,42,0.5044824775876121,0.5044824775876121
cicids2017,42,0.48222940226171246,0.48222940226171246
cicids2017,512,0.5,0.5
cicids2017,512,0.4942434210526316,0.4942434210526316
cicids2017,512,0.49791492910758967,0.49791492910758967
cicids2017,512,0.5173501577287066,0.5173501577287066
cicids2017,512,0.5012087026591459,0.5012087026591459
cicids2017,512,0.5084882780921585,0.5084882780921585
cicids2017,512,0.5086136177194421,0.5086136177194421
cicids2017,512,0.5004081632653061,0.5004081632653061
cicids2017,512,0.5163346613545817,0.5163346613545817
cicids2017,512,0.5203252032520326,0.5203252032520326
cicids2017,6021,0.5012427506213754,0.5012427506213754
cicids2017,6021,0.5004135649296939,0.5004135649296939
cicids2017,6021,0.5098543273350471,0.5098543273350471
cicids2017,6021,0.49432739059967584,0.49432739059967584
cicids2017,6021,0.5008591065292096,0.5008591065292096
cicids2017,6021,0.5036615134255492,0.5036615134255492
cicids2017,6021,0.515650741350906,0.515650741350906
cicids2017,6021,0.49917081260364843,0.49917081260364843
cicids2017,6021,0.5098039215686274,0.5098039215686274
cicids2017,6021,0.514817950889077,0.514817950889077
cicids2017,7,0.5476387738193869,0.5476387738193869
cicids2017,7,0.5389121338912134,0.5389121338912134
cicids2017,7,0.5264847512038523,0.5264847512038523
cicids2017,7,0.5408163265306123,0.5408163265306123
cicids2017,7,0.5293624161073825,0.5293624161073825
cicids2017,7,0.5246179966044142,0.5254668930390493
cicids2017,7,0.5523889354568315,0.5523889354568315
cicids2017,7,0.543424317617866,0.543424317617866
cicids2017,7,0.5580246913580247,0.5580246913580247
cicids2017,7,0.5468374699759808,0.5468374699759808
cicids2017,88,0.528395061728395,0.528395061728395
cicids2017,88,0.5248756218905473,0.5248756218905473
cicids2017,88,0.5105177993527508,0.5105177993527508
cicids2017,88,0.5364875701684042,0.5364875701684042
cicids2017,88,0.5257985257985258,0.5257985257985258
cicids2017,88,0.518578352180937,0.518578352180937
cicids2017,88,0.5441783649876135,0.5441783649876135
cicids2017,88,0.5425196850393701,0.5425196850393701
cicids2017,88,0.5073593073593073,0.5073593073593073
cicids2017,88,0.5394736842105263,0.5394736842105263
cicids2017,91,0.5008250825082509,0.5008250825082509
cicids2017,91,0.47553017944535075,0.47553017944535075
cicids2017,91,0.5080385852090032,0.5080385852090032
cicids2017,91,0.4662004662004662,0.4662004662004662
cicids2017,91,0.4926590538336052,0.4926590538336052
cicids2017,91,0.4772545889864326,0.4772545889864326
cicids2017,91,0.5052208835341365,0.5052208835341365
cicids2017,91,0.486697965571205,0.486697965571205
cicids2017,91,0.4823434991974318,0.4823434991974318
cicids2017,91,0.47579983593109104,0.47579983593109104
cicids2017,12345,0.4458804523424879,0.4458804523424879
cicids2017,12345,0.4464710547184774,0.4464710547184774
cicids2017,12345,0.4469756480754124,0.4469756480754124
cicids2017,12345,0.4349593495934959,0.4349593495934959
cicids2017,12345,0.4370308590492077,0.4378648874061718
cicids2017,12345,0.45799011532125206,0.45799011532125206
cicids2017,12345,0.4339171974522293,0.4339171974522293
cicids2017,12345,0.45365053322395404,0.45365053322395404
cicids2017,12345,0.43381180223285487,0.43381180223285487
cicids2017,12345,0.44739022369511183,0.44739022369511183
cicids2017,1337,0.451586655817738,0.451586655817738
cicids2017,1337,0.4372436423297785,0.4372436423297785
cicids2017,1337,0.4539829853054911,0.4539829853054911
cicids2017,1337,0.43258426966292135,0.43258426966292135
cicids2017,1337,0.4437919463087248,0.4437919463087248
cicids2017,1337,0.4461663947797716,0.4461663947797716
cicids2017,1337,0.46047269763651183,0.46047269763651183
cicids2017,1337,0.4640625,0.4640625
cicids2017,1337,0.4353628023352794,0.4353628023352794
cicids2017,1337,0.44335778321108393,0.4441727791361043
cicids2017,2024,0.4342948717948718,0.4342948717948718
cicids2017,2024,0.4416203335980937,0.4416203335980937
cicids2017,2024,0.43,0.43
cicids2017,2024,0.4603174603174603,0.4603174603174603
cicids2017,2024,0.4512291831879461,0.4512291831879461
cicids2017,2024,0.447822514379622,0.447822514379622
cicids2017,2024,0.43453355155482815,0.43453355155482815
cicids2017,2024,0.43900414937759336,0.43900414937759336
cicids2017,2024,0.42833052276559863,0.42833052276559863
cicids2017,2024,0.4342560553633218,0.4342560553633218
cicids2017,3407,0.42186234817813767,0.42186234817813767
cicids2017,3407,0.4488961569910057,0.4488961569910057
cicids2017,3407,0.4519632414369256,0.4519632414369256
cicids2017,3407,0.42868920032976093,0.4295136026380874
cicids2017,3407,0.42201834862385323,0.42201834862385323
cicids2017,3407,0.4395424836601307,0.4395424836601307
cicids2017,3407,0.4568106312292359,0.4568106312292359
cicids2017,3407,0.44208809135399674,0.44208809135399674
cicids2017,3407,0.4358974358974359,0.4358974358974359
cicids2017,3407,0.4483037156704362,0.4483037156704362
cicids2017,42,0.43854084060269627,0.4393338620142744
cicids2017,42,0.4334442595673877,0.4334442595673877
cicids2017,42,0.44660194174757284,0.44660194174757284
cicids2017,42,0.4370748299319728,0.4370748299319728
cicids2017,42,0.43693322341302554,0.43693322341302554
cicids2017,42,0.4481132075471698,0.4481132075471698
cicids2017,42,0.4332493702770781,0.4332493702770781
cicids2017,42,0.4524590163934426,0.4524590163934426
cicids2017,42,0.4518167456556082,0.4518167456556082
cicids2017,42,0.42833876221498374,0.42833876221498374
cicids2017,512,0.44461778471138846,0.44461778471138846
cicids2017,512,0.43953488372093025,0.43953488372093025
cicids2017,512,0.45641838351822506,0.45641838351822506
cicids2017,512,0.45505171042163883,0.45505171042163883
cicids2017,512,0.42671009771986973,0.42671009771986973
cicids2017,512,0.4449013157894737,0.4449013157894737
cicids2017,512,0.4227910817506193,0.4227910817506193
cicids2017,512,0.4468599033816425,0.4468599033816425
cicids2017,512,0.42857142857142855,0.42857142857142855
cicids2017,512,0.4413145539906103,0.4413145539906103
cicids2017,6021,0.44717444717444715,0.44717444717444715
cicids2017,6021,0.4318744838976053,0.4318744838976053
cicids2017,6021,0.4197019867549669,0.4205298013245033
cicids2017,6021,0.45232273838630804,0.45232273838630804
cicids2017,6021,0.4342532467532468,0.4342532467532468
cicids2017,6021,0.4405652535328346,0.4405652535328346
cicids2017,6021,0.424483306836248,0.424483306836248
cicids2017,6021,0.4286912751677852,0.4286912751677852
cicids2017,6021,0.43210862619808305,0.43210862619808305
cicids2017,6021,0.4470787468247248,0.4470787468247248
cicids2017,7,0.44706840390879476,0.44706840390879476
cicids2017,7,0.4531502423263328,0.45395799676898224
cicids2017,7,0.43194335169158143,0.43194335169158143
cicids2017,7,0.43543046357615894,0.43543046357615894
cicids2017,7,0.4193811074918567,0.4193811074918567
cicids2017,7,0.4224066390041494,0.4224066390041494
cicids2017,7,0.44,0.44
cicids2017,7,0.45255474452554745,0.45255474452554745
cicids2017,7,0.4401268834258525,0.4401268834258525
cicids2017,7,0.44389027431421446,0.44389027431421446
cicids2017,88,0.45,0.45
cicids2017,88,0.4249384741591468,0.4249384741591468
cicids2017,88,0.4497991967871486,0.4497991967871486
cicids2017,88,0.43825665859564167,0.43825665859564167
cicids2017,88,0.4438860971524288,0.4438860971524288
cicids2017,88,0.4282277465918204,0.4282277465918204
cicids2017,88,0.43467336683417085,0.43467336683417085
cicids2017,88,0.4284532671629446,0.4284532671629446
cicids2017,88,0.4489139179404666,0.4489139179404666
cicids2017,88,0.4358974358974359,0.4358974358974359
cicids2017,91,0.42880932556203166,0.42880932556203166
cicids2017,91,0.44363929146537845,0.44363929146537845
cicids2017,91,0.43869891576313597,0.43869891576313597
cicids2017,91,0.4497568881685575,0.4497568881685575
cicids2017,91,0.4425566343042071,0.4425566343042071
cicids2017,91,0.4415481832543444,0.4415481832543444
cicids2017,91,0.43097913322632425,0.43097913322632425
cicids2017,91,0.4371497197758207,0.4371497197758207
cicids2017,91,0.4508670520231214,0.4508670520231214
cicids2017,91,0.4226044226044226,0.4226044226044226
cicids2017,12345,0.5431512272367379,0.5431512272367379
cicids2017,12345,0.5323679727427598,0.5323679727427598
cicids2017,12345,0.5518316445830086,0.5518316445830086
cicids2017,12345,0.545,0.545
cicids2017,12345,0.5613472333600642,0.5613472333600642
cicids2017,12345,0.5385852090032154,0.5385852090032154
cicids2017,12345,0.5736,0.5736
cicids2017,12345,0.5483091787439613,0.5483091787439613
cicids2017,12345,0.5614754098360656,0.5614754098360656
cicids2017,12345,0.5453821656050956,0.5453821656050956
cicids2017,1337,0.549717057396928,0.549717057396928
cicids2017,1337,0.5398230088495575,0.5406275140788415
cicids2017,1337,0.5415282392026578,0.5415282392026578
cicids2017,1337,0.5142857142857142,0.5142857142857142
cicids2017,1337,0.5158862876254181,0.5158862876254181
cicids2017,1337,0.5490848585690515,0.5499168053244592
cicids2017,1337,0.5353697749196141,0.5353697749196141
cicids2017,1337,0.5564387917329093,0.5564387917329093
cicids2017,1337,0.544251447477254,0.544251447477254
cicids2017,1337,0.5443449959316518,0.5443449959316518
cicids2017,2024,0.5310233682514102,0.5310233682514102
cicids2017,2024,0.5225442834138486,0.5233494363929146
cicids2017,2024,0.5500387897595035,0.5500387897595035
cicids2017,2024,0.541083916083916,0.541083916083916
cicids2017,2024,0.5392798690671031,0.5392798690671031
cicids2017,2024,0.5529506871463218,0.5529506871463218
cicids2017,2024,0.5490998363338789,0.5490998363338789
cicids2017,2024,0.5281923714759535,0.5281923714759535
cicids2017,2024,0.5438455349959774,0.5438455349959774
cicids2017,2024,0.567654123298639,0.567654123298639
cicids2017,3407,0.5506893755068938,0.5506893755068938
cicids2017,3407,0.5737704918032787,0.5737704918032787
cicids2017,3407,0.5577689243027888,0.5577689243027888
cicids2017,3407,0.5551181102362205,0.5551181102362205
cicids2017,3407,0.5456053067993366,0.5456053067993366
cicids2017,3407,0.5450121654501217,0.5450121654501217
cicids2017,3407,0.545,0.545
cicids2017,3407,0.5366795366795367,0.5366795366795367
cicids2017,3407,0.5555555555555556,0.5555555555555556
cicids2017,3407,0.5454545454545454,0.5454545454545454
cicids2017,42,0.5479674796747968,0.5479674796747968
cicids2017,42,0.5549407114624506,0.5549407114624506
cicids2017,42,0.5554635761589404,0.5554635761589404
cicids2017,42,0.5315955766192733,0.5315955766192733
cicids2017,42,0.539708265802269,0.539708265802269
cicids2017,42,0.5647155812036274,0.5647155812036274
cicids2017,42,0.56006628003314,0.56006628003314
cicids2017,42,0.5465213746856664,0.5465213746856664
cicids2017,42,0.5540875309661437,0.5540875309661437
cicids2017,42,0.5260586319218241,0.5260586319218241
cicids2017,512,0.5363349131121643,0.5363349131121643
cicids2017,512,0.5428802588996764,0.5428802588996764
cicids2017,512,0.5359801488833746,0.5359801488833746
cicids2017,512,0.5508333333333333,0.5508333333333333
cicids2017,512,0.5390365448504983,0.5390365448504983
cicids2017,512,0.5512073272273106,0.5512073272273106
cicids2017,512,0.5499181669394435,0.5499181669394435
cicids2017,512,0.5501644736842105,0.5501644736842105
cicids2017,512,0.5396163469557965,0.5396163469557965
cicids2017,512,0.55,0.55
cicids2017,6021,0.5508543531326282,0.5508543531326282
cicids2017,6021,0.5530179445350734,0.5530179445350734
cicids2017,6021,0.5376344086021505,0.5384615384615384
cicids2017,6021,0.556203164029975,0.556203164029975
cicids2017,6021,0.5412541254125413,0.5412541254125413
cicids2017,6021,0.5399534522885958,0.5399534522885958
cicids2017,6021,0.5648,0.5648
cicids2017,6021,0.5380212591986917,0.5380212591986917
cicids2017,6021,0.5409015025041736,0.5409015025041736
cicids2017,6021,0.549876339653751,0.549876339653751
cicids2017,7,0.5435483870967742,0.5435483870967742
cicids2017,7,0.5647249190938511,0.5647249190938511
cicids2017,7,0.5652522017614091,0.5652522017614091
cicids2017,7,0.5428571428571428,0.5428571428571428
cicids2017,7,0.5743073047858942,0.5743073047858942
cicids2017,7,0.555205047318612,0.555205047318612
cicids2017,7,0.5377358490566038,0.5385220125786163
cicids2017,7,0.5443548387096774,0.5443548387096774
cicids2017,7,0.5574855252274608,0.5574855252274608
cicids2017,7,0.5401521555367709,0.5401521555367709
cicids2017,88,0.5489566613162119,0.5489566613162119
cicids2017,88,0.5408079142621599,0.5408079142621599
cicids2017,88,0.5590614886731392,0.5590614886731392
cicids2017,88,0.5349025974025974,0.5349025974025974
cicids2017,88,0.5400313971742543,0.5400313971742543
cicids2017,88,0.5287553648068669,0.5287553648068669
cicids2017,88,0.5416666666666666,0.5416666666666666
cicids2017,88,0.530278232405892,0.530278232405892
cicids2017,88,0.5478468899521531,0.5478468899521531
cicids2017,88,0.5359741309620049,0.5359741309620049
cicids2017,91,0.52428810720268,0.52428810720268
cicids2017,91,0.5353535353535354,0.5353535353535354
cicids2017,91,0.5464834276475343,0.5464834276475343
cicids2017,91,0.5730897009966778,0.5730897009966778
cicids2017,91,0.544472152950956,0.544472152950956
cicids2017,91,0.5471394037066881,0.5471394037066881
cicids2017,91,0.5503568596352102,0.5503568596352102
cicids2017,91,0.5366242038216561,0.5366242038216561
cicids2017,91,0.5589447650453421,0.5589447650453421
cicids2017,91,0.5566502463054187,0.5566502463054187
cicids2017,12345,0.7736441057821605,0.7736441057821605
cicids2017,12345,0.7626966292134831,0.7626966292134831
cicids2017,12345,0.7573696145124716,0.7573696145124716
cicids2017,12345,0.7699076110866696,0.7699076110866696
cicids2017,12345,0.7615518744551003,0.7615518744551003
cicids2017,12345,0.7622658340767172,0.7627118644067796
cicids2017,12345,0.7654488046910239,0.7658998646820027
cicids2017,12345,0.7689859026830378,0.7694406548431105
cicids2017,12345,0.7800884955752212,0.7800884955752212
cicids2017,12345,0.7587131367292225,0.7587131367292225
cicids2017,1337,0.5327433628318584,0.5327433628318584
cicids2017,1337,0.5222672064777328,0.5222672064777328
cicids2017,1337,0.537940379403794,0.537940379403794
cicids2017,1337,0.5425297487880123,0.5425297487880123
cicids2017,1337,0.537567084078712,0.537567084078712
cicids2017,1337,0.5376344086021505,0.5376344086021505
cicids2017,1337,0.5320938468348827,0.5320938468348827
cicids2017,1337,0.5431111111111111,0.5431111111111111
cicids2017,1337,0.5377855887521968,0.5377855887521968
cicids2017,1337,0.5244122965641953,0.5244122965641953
cicids2017,2024,0.6757238307349666,0.6757238307349666
cicids2017,2024,0.6681376875551632,0.6681376875551632
cicids2017,2024,0.6795104261106074,0.6795104261106074
cicids2017,2024,0.69,0.69
cicids2017,2024,0.6767184035476719,0.6767184035476719
cicids2017,2024,0.6862408915559366,0.6862408915559366
cicids2017,2024,0.680499776885319,0.680946006247211
cicids2017,2024,0.674459638288487,0.674459638288487
cicids2017,2024,0.6791277258566978,0.6791277258566978
cicids2017,2024,0.6739798157086442,0.6739798157086442
cicids2017,3407,0.7464093357271095,0.7464093357271095
cicids2017,3407,0.7488748874887489,0.7488748874887489
cicids2017,3407,0.7512348450830714,0.7512348450830714
cicids2017,3407,0.7539149888143176,0.7539149888143176
cicids2017,3407,0.7553336359509759,0.7557875624148888
cicids2017,3407,0.7701667417755745,0.7701667417755745
cicids2017,3407,0.7536496350364964,0.7536496350364964
cicids2017,3407,0.7560640732265447,0.7560640732265447
cicids2017,3407,0.7447474295932052,0.7447474295932052
cicids2017,3407,0.7692307692307693,0.7696754112939084
cicids2017,42,0.6047144152311876,0.6047144152311876
cicids2017,42,0.586436170212766,0.586436170212766
cicids2017,42,0.6061278863232682,0.6061278863232682
cicids2017,42,0.5881085738905644,0.5881085738905644
cicids2017,42,0.5917186108637578,0.5917186108637578
cicids2017,42,0.6046716615249008,0.6046716615249008
cicids2017,42,0.586784140969163,0.586784140969163
cicids2017,42,0.5908076751450245,0.5908076751450245
cicids2017,42,0.5942533739660427,0.5942533739660427
cicids2017,42,0.5959772627896808,0.5959772627896808
cicids2017,512,0.575685903500473,0.575685903500473
cicids2017,512,0.5446546414430269,0.5446546414430269
cicids2017,512,0.5638392857142858,0.5638392857142858
cicids2017,512,0.5745633676668159,0.5745633676668159
cicids2017,512,0.5705855651384476,0.5705855651384476
cicids2017,512,0.5654923215898826,0.565943992773261
cicids2017,512,0.5660130718954248,0.5660130718954248
cicids2017,512,0.5607961921246214,0.5607961921246214
cicids2017,512,0.5680106335844041,0.5680106335844041
cicids2017,512,0.5669045495093666,0.5669045495093666
cicids2017,6021,0.8071808510638298,0.8071808510638298
cicids2017,6021,0.8098530682800346,0.8098530682800346
cicids2017,6021,0.8006977758395115,0.8006977758395115
cicids2017,6021,0.8059440559440559,0.8059440559440559
cicids2017,6021,0.8128123580190822,0.8128123580190822
cicids2017,6021,0.8114035087719298,0.8114035087719298
cicids2017,6021,0.7988138686131386,0.7988138686131386
cicids2017,6021,0.8076062639821029,0.8076062639821029
cicids2017,6021,0.8127972330306961,0.8127972330306961
cicids2017,6021,0.8123049487293803,0.8123049487293803
cicids2017,7,0.8131176999101527,0.8131176999101527
cicids2017,7,0.8102748986029743,0.8102748986029743
cicids2017,7,0.8134937688010314,0.8134937688010314
cicids2017,7,0.8168273444347064,0.8168273444347064
cicids2017,7,0.810126582278481,0.8105786618444847
cicids2017,7,0.8229643183897529,0.8229643183897529
cicids2017,7,0.8122192273135669,0.8122192273135669
cicids2017,7,0.8157776781712237,0.8157776781712237
cicids2017,7,0.8138489208633094,0.8138489208633094
cicids2017,7,0.8071491615180936,0.8071491615180936
cicids2017,88,0.7510130571814498,0.7510130571814498
cicids2017,88,0.7614080834419817,0.7614080834419817
cicids2017,88,0.7658340767172168,0.7658340767172168
cicids2017,88,0.7674620390455531,0.7674620390455531
cicids2017,88,0.755877034358047,0.755877034358047
cicids2017,88,0.7825319805910895,0.7829730921923247
cicids2017,88,0.7570977917981072,0.7570977917981072
cicids2017,88,0.7836283185840708,0.7836283185840708
cicids2017,88,0.7762863534675615,0.7762863534675615
cicids2017,88,0.7609082813891362,0.7609082813891362
cicids2017,91,0.808606006275213,0.808606006275213
cicids2017,91,0.8012505582849486,0.8012505582849486
cicids2017,91,0.7809824245155476,0.7814330779630464
cicids2017,91,0.797747942832395,0.797747942832395
cicids2017,91,0.7861721611721612,0.7861721611721612
cicids2017,91,0.7926391382405745,0.7926391382405745
cicids2017,91,0.7918296392872664,0.7918296392872664
cicids2017,91,0.7924358397118415,0.7924358397118415
cicids2017,91,0.7964601769911505,0.7964601769911505
cicids2017,91,0.7922487607030194,0.7922487607030194
cicids2017,12345,0.6837494524748139,0.6837494524748139
cicids2017,12345,0.7056159420289855,0.7056159420289855
cicids2017,12345,0.7105382180009046,0.7109905020352781
cicids2017,12345,0.7054161162483488,0.705856450902686
cicids2017,12345,0.7035242290748899,0.7035242290748899
cicids2017,12345,0.705045871559633,0.705045871559633
cicids2017,12345,0.6990679094540613,0.6990679094540613
cicids2017,12345,0.7076177895200352,0.7080581241743725
cicids2017,12345,0.7040457343887423,0.7040457343887423
cicids2017,12345,0.6907577748576434,0.6907577748576434
cicids2017,1337,0.6981389014979573,0.6981389014979573
cicids2017,1337,0.6829048263419035,0.6833558863328822
cicids2017,1337,0.6695996480422349,0.6695996480422349
cicids2017,1337,0.6905829596412556,0.6905829596412556
cicids2017,1337,0.6877828054298643,0.6877828054298643
cicids2017,1337,0.6949002217294901,0.6949002217294901
cicids2017,1337,0.6922382671480144,0.6922382671480144
cicids2017,1337,0.6958648288128056,0.6958648288128056
cicids2017,1337,0.6972559604138552,0.6972559604138552
cicids2017,1337,0.6909090909090909,0.6909090909090909
cicids2017,2024,0.6883763003165988,0.6883763003165988
cicids2017,2024,0.6810530858869227,0.6814846784635304
cicids2017,2024,0.6914893617021277,0.6914893617021277
cicids2017,2024,0.6977660972404731,0.6977660972404731
cicids2017,2024,0.6944077498899164,0.6944077498899164
cicids2017,2024,0.6900221729490023,0.6900221729490023
cicids2017,2024,0.6976021314387212,0.6976021314387212
cicids2017,2024,0.702303346371143,0.702303346371143
cicids2017,2024,0.691117984975696,0.691117984975696
cicids2017,2024,0.683370288248337,0.683370288248337
cicids2017,3407,0.7040178571428571,0.7040178571428571
cicids2017,3407,0.7125506072874493,0.7125506072874493
cicids2017,3407,0.7072294566681635,0.7081275258194881
cicids2017,3407,0.6942446043165468,0.6942446043165468
cicids2017,3407,0.6975501113585746,0.6975501113585746
cicids2017,3407,0.7020713970912296,0.7020713970912296
cicids2017,3407,0.6974677920924034,0.6974677920924034
cicids2017,3407,0.7094505494505494,0.7094505494505494
cicids2017,3407,0.7021652673442333,0.7021652673442333
cicids2017,3407,0.7096050269299821,0.7096050269299821
cicids2017,42,0.6809440559440559,0.6809440559440559
cicids2017,42,0.7190710138454667,0.7190710138454667
cicids2017,42,0.6926210955183341,0.6930737890448166
cicids2017,42,0.7070435172723194,0.7070435172723194
cicids2017,42,0.7017383348581885,0.702195791399817
cicids2017,42,0.7024128686327078,0.7024128686327078
cicids2017,42,0.6826241134751773,0.6826241134751773
cicids2017,42,0.7024647887323944,0.7024647887323944
cicids2017,42,0.695813953488372,0.695813953488372
cicids2017,42,0.6782022471910112,0.6782022471910112
cicids2017,512,0.7088326675543719,0.7088326675543719
cicids2017,512,0.702618730581447,0.702618730581447
cicids2017,512,0.7108858527985897,0.7108858527985897
cicids2017,512,0.7112462006079028,0.7112462006079028
cicids2017,512,0.7083333333333334,0.7083333333333334
cicids2017,512,0.7221198156682027,0.7221198156682027
cicids2017,512,0.7047244094488189,0.7047244094488189
cicids2017,512,0.7066134043497558,0.7066134043497558
cicids2017,512,0.6989588048890901,0.6989588048890901
cicids2017,512,0.70953032375741,0.70953032375741
cicids2017,6021,0.7039532794249775,0.7039532794249775
cicids2017,6021,0.6999560052793665,0.6999560052793665
cicids2017,6021,0.7114298131247284,0.7114298131247284
cicids2017,6021,0.70497906002792,0.70497906002792
cicids2017,6021,0.7084507042253522,0.7084507042253522
cicids2017,6021,0.696942844483828,0.696942844483828
cicids2017,6021,0.6979717813051146,0.6979717813051146
cicids2017,6021,0.7096079276174063,0.7096079276174063
cicids2017,6021,0.6954128440366972,0.6958715596330275
cicids2017,6021,0.6916629907366564,0.6916629907366564
cicids2017,7,0.6968625718073354,0.6968625718073354
cicids2017,7,0.708314402544298,0.708314402544298
cicids2017,7,0.7002247191011236,0.7002247191011236
cicids2017,7,0.6892448512585813,0.6892448512585813
cicids2017,7,0.6828941491737383,0.6828941491737383
cicids2017,7,0.7097050021376656,0.7101325352714836
cicids2017,7,0.7007730786721237,0.7007730786721237
cicids2017,7,0.7033112582781457,0.7033112582781457
cicids2017,7,0.6976847729296527,0.6976847729296527
cicids2017,7,0.695170580416482,0.695170580416482
cicids2017,88,0.6905609973285841,0.6905609973285841
cicids2017,88,0.6850325379609544,0.6850325379609544
cicids2017,88,0.6867311072056239,0.6867311072056239
cicids2017,88,0.7004852227613586,0.7004852227613586
cicids2017,88,0.6772626931567329,0.6772626931567329
cicids2017,88,0.6746606334841629,0.6746606334841629
cicids2017,88,0.6893805309734513,0.6893805309734513
cicids2017,88,0.6953405017921147,0.6953405017921147
cicids2017,88,0.6789797713280563,0.6789797713280563
cicids2017,88,0.692652329749104,0.692652329749104
cicids2017,91,0.7171985815602837,0.7171985815602837
cicids2017,91,0.7065789473684211,0.7065789473684211
cicids2017,91,0.6977375565610859,0.6977375565610859
cicids2017,91,0.7154255319148937,0.7154255319148937
cicids2017,91,0.6955535390199638,0.6955535390199638
cicids2017,91,0.7041814946619217,0.7041814946619217
cicids2017,91,0.6886833993835315,0.6891237340378688
cicids2017,91,0.7161803713527851,0.7161803713527851
cicids2017,91,0.6945407279029463,0.6945407279029463
cicids2017,91,0.6868953386103782,0.6868953386103782
cicids2017,12345,0.8207171314741036,0.8207171314741036
cicids2017,12345,0.7959090909090909,0.7959090909090909
cicids2017,12345,0.8134199134199134,0.8134199134199134
cicids2017,12345,0.8009666080843585,0.8009666080843585
cicids2017,12345,0.8132743362831858,0.8132743362831858
cicids2017,12345,0.8100656455142232,0.8100656455142232
cicids2017,12345,0.8174988952717631,0.8174988952717631
cicids2017,12345,0.8174386920980926,0.8174386920980926
cicids2017,12345,0.8085199824330259,0.8085199824330259
cicids2017,12345,0.8115487914055506,0.8115487914055506
cicids2017,1337,0.8079350766456267,0.8079350766456267
cicids2017,1337,0.7997287522603979,0.7997287522603979
cicids2017,1337,0.8132398071021482,0.8132398071021482
cicids2017,1337,0.8159892809289861,0.8159892809289861
cicids2017,1337,0.8203619909502262,0.8203619909502262
cicids2017,1337,0.819723337795627,0.819723337795627
cicids2017,1337,0.7964757709251101,0.7969162995594714
cicids2017,1337,0.8021154693697664,0.8021154693697664
cicids2017,1337,0.7981981981981981,0.7981981981981981
cicids2017,1337,0.8246902248737953,0.8246902248737953
cicids2017,2024,0.8157894736842105,0.8157894736842105
cicids2017,2024,0.8126390743213173,0.8126390743213173
cicids2017,2024,0.8125275694750772,0.8125275694750772
cicids2017,2024,0.797224709042077,0.797224709042077
cicids2017,2024,0.8124131542380731,0.8124131542380731
cicids2017,2024,0.8181411974977658,0.8181411974977658
cicids2017,2024,0.8104856037816932,0.8104856037816932
cicids2017,2024,0.8042142230026339,0.8042142230026339
cicids2017,2024,0.7974738675958188,0.7974738675958188
cicids2017,2024,0.8098495212038304,0.8098495212038304
cicids2017,3407,0.8099467140319716,0.8103907637655418
cicids2017,3407,0.8350893266147503,0.8350893266147503
cicids2017,3407,0.80859375,0.80859375
cicids2017,3407,0.8196060877350044,0.8196060877350044
cicids2017,3407,0.8231079265562025,0.8231079265562025
cicids2017,3407,0.8120805369127517,0.8120805369127517
cicids2017,3407,0.8084714548802947,0.8084714548802947
cicids2017,3407,0.8218181818181818,0.8218181818181818
cicids2017,3407,0.813443072702332,0.813443072702332
cicids2017,3407,0.8151680290644868,0.815622161671208
cicids2017,42,0.8159645232815964,0.8159645232815964
cicids2017,42,0.8070739549839229,0.8070739549839229
cicids2017,42,0.8160768894713849,0.8173875054609
cicids2017,42,0.8161068044788975,0.8161068044788975
cicids2017,42,0.8079295154185022,0.8079295154185022
cicids2017,42,0.8011591618368257,0.8011591618368257
cicids2017,42,0.8206399278954484,0.8206399278954484
cicids2017,42,0.8189152846257284,0.8189152846257284
cicids2017,42,0.82296867907399,0.82296867907399
cicids2017,42,0.8077260755048288,0.8077260755048288
cicids2017,512,0.8058510638297872,0.8058510638297872
cicids2017,512,0.8153710247349824,0.8153710247349824
cicids2017,512,0.8153446033810143,0.8153446033810143
cicids2017,512,0.8117381489841986,0.8117381489841986
cicids2017,512,0.8019408910454345,0.8019408910454345
cicids2017,512,0.8187160940325497,0.8187160940325497
cicids2017,512,0.8218166014776185,0.8218166014776185
cicids2017,512,0.8128916741271263,0.8128916741271263
cicids2017,512,0.8065973791233619,0.8065973791233619
cicids2017,512,0.8197879858657244,0.8197879858657244
cicids2017,6021,0.8058823529411765,0.8058823529411765
cicids2017,6021,0.809732573432705,0.809732573432705
cicids2017,6021,0.8181015452538631,0.8181015452538631
cicids2017,6021,0.8079413034095814,0.8079413034095814
cicids2017,6021,0.8257408226448474,0.8257408226448474
cicids2017,6021,0.8160714285714286,0.8169642857142857
cicids2017,6021,0.8052338052338053,0.8052338052338053
cicids2017,6021,0.8225584594222833,0.8225584594222833
cicids2017,6021,0.8006134969325154,0.8006134969325154
cicids2017,6021,0.8175182481751825,0.8175182481751825
cicids2017,7,0.8034993270524899,0.8034993270524899
cicids2017,7,0.8069716775599128,0.8069716775599128
cicids2017,7,0.7984875444839857,0.7984875444839857
cicids2017,7,0.808207343412527,0.8086393088552916
cicids2017,7,0.8106060606060606,0.8106060606060606
cicids2017,7,0.8076233183856503,0.8076233183856503
cicids2017,7,0.8180604982206405,0.8180604982206405
cicids2017,7,0.812666076173605,0.812666076173605
cicids2017,7,0.803939532753092,0.803939532753092
cicids2017,7,0.8111607142857142,0.8111607142857142
cicids2017,88,0.8091304347826087,0.8091304347826087
cicids2017,88,0.8107987505577867,0.8107987505577867
cicids2017,88,0.8086592178770949,0.8086592178770949
cicids2017,88,0.8222823635543527,0.8222823635543527
cicids2017,88,0.8132118451025057,0.8136674259681094
cicids2017,88,0.8241957408246489,0.8241957408246489
cicids2017,88,0.8144285093437635,0.8144285093437635
cicids2017,88,0.8109318996415771,0.8109318996415771
cicids2017,88,0.8261455525606469,0.8261455525606469
cicids2017,88,0.8012259194395797,0.8012259194395797
cicids2017,91,0.8161698283649503,0.8161698283649503
cicids2017,91,0.8119891008174387,0.8119891008174387
cicids2017,91,0.8123312331233123,0.8123312331233123
cicids2017,91,0.8178506375227687,0.8178506375227687
cicids2017,91,0.8206039076376554,0.8206039076376554
cicids2017,91,0.826764833261152,0.826764833261152
cicids2017,91,0.8157894736842105,0.8157894736842105
cicids2017,91,0.808983666061706,0.808983666061706
cicids2017,91,0.8192982456140351,0.8192982456140351
cicids2017,91,0.8132450331125828,0.8132450331125828
cicids2017,12345,0.3401400233372229,0.3401400233372229
cicids2017,12345,0.35962877030162416,0.35962877030162416
cicids2017,12345,0.3469626168224299,0.3469626168224299
cicids2017,12345,0.35997764114030184,0.35997764114030184
cicids2017,12345,0.3587962962962963,0.3587962962962963
cicids2017,12345,0.3512893982808023,0.3512893982808023
cicids2017,12345,0.3553530751708428,0.3553530751708428
cicids2017,12345,0.3409873708381171,0.3409873708381171
cicids2017,12345,0.3571011104617183,0.3571011104617183
cicids2017,12345,0.3517877739331027,0.3517877739331027
cicids2017,1337,0.12477928193054738,0.12477928193054738
cicids2017,1337,0.125,0.125
cicids2017,1337,0.13372434017595308,0.13372434017595308
cicids2017,1337,0.1203223949337939,0.1203223949337939
cicids2017,1337,0.12819025522041763,0.12819025522041763
cicids2017,1337,0.13774912075029308,0.13774912075029308
cicids2017,1337,0.1255205234979179,0.1255205234979179
cicids2017,1337,0.1271137026239067,0.1271137026239067
cicids2017,1337,0.14344746162927982,0.14344746162927982
cicids2017,1337,0.12242626599888703,0.12242626599888703
cicids2017,2024,0.35820011841326227,0.35820011841326227
cicids2017,2024,0.33967704728950404,0.33967704728950404
cicids2017,2024,0.3369195922989808,0.3369195922989808
cicids2017,2024,0.34721440630275746,0.34721440630275746
cicids2017,2024,0.35746864310148235,0.35746864310148235
cicids2017,2024,0.3481439820022497,0.3481439820022497
cicids2017,2024,0.35537190082644626,0.35537190082644626
cicids2017,2024,0.34390934844192633,0.34390934844192633
cicids2017,2024,0.3539325842696629,0.3539325842696629
cicids2017,2024,0.33785377358490565,0.33785377358490565
cicids2017,3407,0.05060379528464635,0.05060379528464635
cicids2017,3407,0.0466704610130905,0.0466704610130905
cicids2017,3407,0.050169109357384445,0.050169109357384445
cicids2017,3407,0.05433526011560694,0.05433526011560694
cicids2017,3407,0.05284090909090909,0.05284090909090909
cicids2017,3407,0.0595446584938704,0.0595446584938704
cicids2017,3407,0.05002908667830134,0.05002908667830134
cicids2017,3407,0.05422374429223744,0.0547945205479452
cicids2017,3407,0.05574324324324324,0.05574324324324324
cicids2017,3407,0.05400890868596882,0.05400890868596882
cicids2017,42,0.3256364712847839,0.3256364712847839
cicids2017,42,0.33275462962962965,0.33275462962962965
cicids2017,42,0.32573099415204676,0.32573099415204676
cicids2017,42,0.314717859220477,0.314717859220477
cicids2017,42,0.33199310740953475,0.33199310740953475
cicids2017,42,0.33114949374627756,0.33114949374627756
cicids2017,42,0.3302325581395349,0.3302325581395349
cicids2017,42,0.31975099037917376,0.31975099037917376
cicids2017,42,0.32878270762229805,0.32878270762229805
cicids2017,42,0.3254901960784314,0.3254901960784314
cicids2017,512,0.36347517730496454,0.36347517730496454
cicids2017,512,0.3662217063261753,0.3662217063261753
cicids2017,512,0.3450258769407706,0.3450258769407706
cicids2017,512,0.3509280742459397,0.3509280742459397
cicids2017,512,0.34530706836616454,0.34530706836616454
cicids2017,512,0.3559322033898305,0.3559322033898305
cicids2017,512,0.36122331217541837,0.36122331217541837
cicids2017,512,0.367595818815331,0.367595818815331
cicids2017,512,0.3539260969976905,0.3539260969976905
cicids2017,512,0.33546884100174723,0.33546884100174723
cicids2017,6021,0.314997104806022,0.314997104806022
cicids2017,6021,0.3340845070422535,0.3340845070422535
cicids2017,6021,0.3055555555555556,0.3061465721040189
cicids2017,6021,0.3102836879432624,0.3102836879432624
cicids2017,6021,0.31791569086651056,0.31791569086651056
cicids2017,6021,0.31331747919143876,0.31331747919143876
cicids2017,6021,0.2995391705069124,0.2995391705069124
cicids2017,6021,0.3112274578243165,0.3112274578243165
cicids2017,6021,0.30434782608695654,0.30434782608695654
cicids2017,6021,0.2949640287769784,0.2949640287769784
cicids2017,7,0.3380681818181818,0.3380681818181818
cicids2017,7,0.3486766398158803,0.3486766398158803
cicids2017,7,0.338785046728972,0.338785046728972
cicids2017,7,0.32167832167832167,0.32167832167832167
cicids2017,7,0.3441226575809199,0.3441226575809199
cicids2017,7,0.337013364323068,0.337013364323068
cicids2017,7,0.3371824480369515,0.3371824480369515
cicids2017,7,0.3458731049971926,0.3458731049971926
cicids2017,7,0.35450346420323325,0.35450346420323325
cicids2017,7,0.3399532710280374,0.3399532710280374
cicids2017,88,0.3431483578708947,0.3431483578708947
cicids2017,88,0.33954802259887007,0.33954802259887007
cicids2017,88,0.35487593768032316,0.35487593768032316
cicids2017,88,0.3242931332948644,0.32487016733987306
cicids2017,88,0.3383985973115137,0.3389830508474576
cicids2017,88,0.34202726733847066,0.34202726733847066
cicids2017,88,0.33627797408716137,0.33627797408716137
cicids2017,88,0.3247274813539874,0.3247274813539874
cicids2017,88,0.32046109510086457,0.32046109510086457
cicids2017,88,0.3479010925819436,0.3479010925819436
cicids2017,91,0.3668197474167623,0.3668197474167623
cicids2017,91,0.3618831537152581,0.3618831537152581
cicids2017,91,0.36545961002785515,0.36545961002785515
cicids2017,91,0.3747831116252169,0.3747831116252169
cicids2017,91,0.3891213389121339,0.3891213389121339
cicids2017,91,0.36106395019807586,0.36106395019807586
cicids2017,91,0.38009049773755654,0.38009049773755654
cicids2017,91,0.373048004626952,0.373048004626952
cicids2017,91,0.36694677871148457,0.36694677871148457
cicids2017,91,0.3776873910517141,0.3776873910517141
cicids2017,12345,0.269276393831554,0.269276393831554
cicids2017,12345,0.27484730705163796,0.27484730705163796
cicids2017,12345,0.2663631189527604,0.2663631189527604
cicids2017,12345,0.2652582159624413,0.2652582159624413
cicids2017,12345,0.26894586894586897,0.26894586894586897
cicids2017,12345,0.27392550143266475,0.27392550143266475
cicids2017,12345,0.2702702702702703,0.2702702702702703
cicids2017,12345,0.26988803771361225,0.26988803771361225
cicids2017,12345,0.2707728065078443,0.2707728065078443
cicids2017,12345,0.2772675086107922,0.2772675086107922
cicids2017,1337,0.33486502010338887,0.33486502010338887
cicids2017,1337,0.3403289846851957,0.3403289846851957
cicids2017,1337,0.3276570757486788,0.3276570757486788
cicids2017,1337,0.34635568513119536,0.34635568513119536
cicids2017,1337,0.3403648802736602,0.3403648802736602
cicids2017,1337,0.3367816091954023,0.3367816091954023
cicids2017,1337,0.3528409090909091,0.3528409090909091
cicids2017,1337,0.3398576512455516,0.3398576512455516
cicids2017,1337,0.3441108545034642,0.3441108545034642
cicids2017,1337,0.33575825405707893,0.33575825405707893
cicids2017,2024,0.35362997658079626,0.35362997658079626
cicids2017,2024,0.3409873708381171,0.3409873708381171
cicids2017,2024,0.34288990825688076,0.34288990825688076
cicids2017,2024,0.3319977103606182,0.3319977103606182
cicids2017,2024,0.3316355404640634,0.3316355404640634
cicids2017,2024,0.3322128851540616,0.3322128851540616
cicids2017,2024,0.3356848912404468,0.3356848912404468
cicids2017,2024,0.3453815261044177,0.3453815261044177
cicids2017,2024,0.33588685916322925,0.33647613435474366
cicids2017,2024,0.33588235294117647,0.33588235294117647
cicids2017,3407,0.3508670520231214,0.3508670520231214
cicids2017,3407,0.35877862595419846,0.35877862595419846
cicids2017,3407,0.3333333333333333,0.3333333333333333
cicids2017,3407,0.33903301886792453,0.33903301886792453
cicids2017,3407,0.3395375070501974,0.3395375070501974
cicids2017,3407,0.3449457452884066,0.3449457452884066
cicids2017,3407,0.34486486486486484,0.34486486486486484
cicids2017,3407,0.32966396292004635,0.32966396292004635
cicids2017,3407,0.3536379018612521,0.3536379018612521
cicids2017,3407,0.3565375302663438,0.3565375302663438
cicids2017,42,0.35603000577034044,0.35603000577034044
cicids2017,42,0.34087054833239117,0.34087054833239117
cicids2017,42,0.35177635410599883,0.35177635410599883
cicids2017,42,0.36446469248291574,0.36446469248291574
cicids2017,42,0.34146341463414637,0.34146341463414637
cicids2017,42,0.34915055653192734,0.34915055653192734
cicids2017,42,0.36615566037735847,0.36615566037735847
cicids2017,42,0.35231714126186486,0.35231714126186486
cicids2017,42,0.34088397790055247,0.34088397790055247
cicids2017,42,0.3563799887577291,0.3563799887577291
cicids2017,512,0.3690744920993228,0.3690744920993228
cicids2017,512,0.36358511837655016,0.36358511837655016
cicids2017,512,0.3552941176470588,0.3552941176470588
cicids2017,512,0.35575221238938054,0.35575221238938054
cicids2017,512,0.34976798143851506,0.34976798143851506
cicids2017,512,0.3499420625724218,0.3499420625724218
cicids2017,512,0.3675937122128174,0.3675937122128174
cicids2017,512,0.3694303440496334,0.3694303440496334
cicids2017,512,0.34440559440559443,0.34440559440559443
cicids2017,512,0.3439635535307517,0.3439635535307517
cicids2017,6021,0.32134433962264153,0.32134433962264153
cicids2017,6021,0.3251605370694688,0.3251605370694688
cicids2017,6021,0.3365168539325843,0.3365168539325843
cicids2017,6021,0.30971896955503514,0.30971896955503514
cicids2017,6021,0.32412204951065055,0.32412204951065055
cicids2017,6021,0.32314657611771364,0.32314657611771364
cicids2017,6021,0.3267670915411356,0.3267670915411356
cicids2017,6021,0.30836746635459333,0.30836746635459333
cicids2017,6021,0.324370709382151,0.324370709382151
cicids2017,6021,0.3356643356643357,0.3356643356643357
cicids2017,7,0.3253082795067528,0.3253082795067528
cicids2017,7,0.3300747556066705,0.3300747556066705
cicids2017,7,0.32245131729667814,0.32245131729667814
cicids2017,7,0.3214899713467049,0.3214899713467049
cicids2017,7,0.3285629099582588,0.3285629099582588
cicids2017,7,0.32247191011235954,0.32247191011235954
cicids2017,7,0.3145485911443358,0.3145485911443358
cicids2017,7,0.32124352331606215,0.32124352331606215
cicids2017,7,0.32415005861664714,0.32415005861664714
cicids2017,7,0.32335680751173707,0.32335680751173707
cicids2017,88,0.1541501976284585,0.1547148503670243
cicids2017,88,0.15198107628622118,0.15198107628622118
cicids2017,88,0.15804597701149425,0.15804597701149425
cicids2017,88,0.15064478311840562,0.15064478311840562
cicids2017,88,0.14698795180722893,0.14698795180722893
cicids2017,88,0.1625216888374783,0.1625216888374783
cicids2017,88,0.14979520187244003,0.14979520187244003
cicids2017,88,0.15604526503871352,0.15604526503871352
cicids2017,88,0.15428900402993667,0.15428900402993667
cicids2017,88,0.14593023255813953,0.14651162790697675
cicids2017,91,0.33008036739380026,0.33008036739380026
cicids2017,91,0.33756491633006347,0.33756491633006347
cicids2017,91,0.36469221835075494,0.36469221835075494
cicids2017,91,0.34946539110861,0.34946539110861
cicids2017,91,0.33137139493819895,0.33137139493819895
cicids2017,91,0.3240418118466899,0.3240418118466899
cicids2017,91,0.3308656036446469,0.3308656036446469
cicids2017,91,0.33596118859915103,0.33596118859915103
cicids2017,91,0.35193621867881547,0.35193621867881547
cicids2017,91,0.34472934472934474,0.34472934472934474
cicids2017,12345,0.28506271379703535,0.28506271379703535
cicids2017,12345,0.2696817420435511,0.2696817420435511
cicids2017,12345,0.26279470960322027,0.26279470960322027
cicids2017,12345,0.27955082742316784,0.27955082742316784
cicids2017,12345,0.268348623853211,0.268348623853211
cicids2017,12345,0.2645869439630272,0.2645869439630272
cicids2017,12345,0.2744294909303686,0.2744294909303686
cicids2017,12345,0.2636845203060624,0.26427310182460273
cicids2017,12345,0.2665505226480836,0.2665505226480836
cicids2017,12345,0.2613240418118467,0.2613240418118467
cicids2017,1337,0.27156919513607414,0.27156919513607414
cicids2017,1337,0.27373325567850904,0.27373325567850904
cicids2017,1337,0.2833333333333333,0.2838888888888889
cicids2017,1337,0.2689855072463768,0.2689855072463768
cicids2017,1337,0.27661971830985915,0.27661971830985915
cicids2017,1337,0.26062322946175637,0.26062322946175637
cicids2017,1337,0.27277936962750715,0.273352435530086
cicids2017,1337,0.2777142857142857,0.2777142857142857
cicids2017,1337,0.26550169109357385,0.26550169109357385
cicids2017,1337,0.2775533756491633,0.2775533756491633
cicids2017,2024,0.26501154734411086,0.26558891454965355
cicids2017,2024,0.26048951048951047,0.26048951048951047
cicids2017,2024,0.27537922987164526,0.27537922987164526
cicids2017,2024,0.2694786174575278,0.2694786174575278
cicids2017,2024,0.2732884399551066,0.2732884399551066
cicids2017,2024,0.2621637092157985,0.2621637092157985
cicids2017,2024,0.25949367088607594,0.25949367088607594
cicids2017,2024,0.2657550535077289,0.2657550535077289
cicids2017,2024,0.2739105829088851,0.2739105829088851
cicids2017,2024,0.2895033860045147,0.29006772009029347
cicids2017,3407,0.2722063037249284,0.2722063037249284
cicids2017,3407,0.273352435530086,0.273352435530086
cicids2017,3407,0.26096612992781787,0.26096612992781787
cicids2017,3407,0.25259515570934254,0.25259515570934254
cicids2017,3407,0.251959686450168,0.2525195968645017
cicids2017,3407,0.2683066361556064,0.2683066361556064
cicids2017,3407,0.27909738717339666,0.27909738717339666
cicids2017,3407,0.26701268742791234,0.26701268742791234
cicids2017,3407,0.2674698795180723,0.2674698795180723
cicids2017,3407,0.2596717467760844,0.2596717467760844
cicids2017,42,0.2647405660377358,0.2647405660377358
cicids2017,42,0.25836758661186143,0.25836758661186143
cicids2017,42,0.27419354838709675,0.27419354838709675
cicids2017,42,0.2818396226415094,0.2818396226415094
cicids2017,42,0.27247191011235955,0.27247191011235955
cicids2017,42,0.2695156695156695,0.2695156695156695
cicids2017,42,0.27251324308416713,0.27251324308416713
cicids2017,42,0.27360637087599543,0.27360637087599543
cicids2017,42,0.28079392877991827,0.28079392877991827
cicids2017,42,0.26965637740244613,0.26965637740244613
cicids2017,512,0.2703170028818444,0.2703170028818444
cicids2017,512,0.26248548199767713,0.26248548199767713
cicids2017,512,0.27484730705163796,0.27484730705163796
cicids2017,512,0.2766961651917404,0.2766961651917404
cicids2017,512,0.26954492415402564,0.26954492415402564
cicids2017,512,0.26608695652173914,0.26608695652173914
cicids2017,512,0.25819209039548024,0.25819209039548024
cicids2017,512,0.25143184421534936,0.25143184421534936
cicids2017,512,0.2818641212801797,0.2818641212801797
cicids2017,512,0.2620967741935484,0.2620967741935484
cicids2017,6021,0.28105323411562677,0.28105323411562677
cicids2017,6021,0.261297798377752,0.261297798377752
cicids2017,6021,0.2709750566893424,0.27154195011337867
cicids2017,6021,0.26817640047675806,0.26817640047675806
cicids2017,6021,0.27293980128579776,0.27293980128579776
cicids2017,6021,0.255786350148368,0.255786350148368
cicids2017,6021,0.2902850494473531,0.2902850494473531
cicids2017,6021,0.2785593697242544,0.2785593697242544
cicids2017,6021,0.2883101150817686,0.2883101150817686
cicids2017,6021,0.27578078962875663,0.27578078962875663
cicids2017,7,0.25989672977624784,0.25989672977624784
cicids2017,7,0.25602755453501724,0.25602755453501724
cicids2017,7,0.26148409893992935,0.26148409893992935
cicids2017,7,0.2663200462160601,0.2663200462160601
cicids2017,7,0.2745681953543776,0.27575938058368077
cicids2017,7,0.27705882352941175,0.27705882352941175
cicids2017,7,0.2638645650904845,0.2638645650904845
cicids2017,7,0.2573742047426258,0.25795257374204744
cicids2017,7,0.26631079478054565,0.26631079478054565
cicids2017,7,0.2719050310910119,0.2719050310910119
cicids2017,88,0.28286852589641437,0.28286852589641437
cicids2017,88,0.261101243339254,0.261101243339254
cicids2017,88,0.26392111368909515,0.26392111368909515
cicids2017,88,0.26586826347305387,0.26586826347305387
cicids2017,88,0.29224537037037035,0.29224537037037035
cicids2017,88,0.2714366837024418,0.2714366837024418
cicids2017,88,0.2903790087463557,0.2903790087463557
cicids2017,88,0.26830631637786473,0.2688652878703186
cicids2017,88,0.2648456057007126,0.2648456057007126
cicids2017,88,0.27831531018782013,0.27831531018782013
cicids2017,91,0.2827102803738318,0.2827102803738318
cicids2017,91,0.27028604786923527,0.27028604786923527
cicids2017,91,0.2875206157229247,0.2875206157229247
cicids2017,91,0.2512968299711816,0.2512968299711816
cicids2017,91,0.26515151515151514,0.26515151515151514
cicids2017,91,0.27019174898314935,0.27019174898314935
cicids2017,91,0.268992684299381,0.268992684299381
cicids2017,91,0.26603982300884954,0.26603982300884954
cicids2017,91,0.27251324308416713,0.27251324308416713
cicids2017,91,0.27199074074074076,0.27199074074074076
cicids2017,12345,0.694597912829957,0.694597912829957
cicids2017,12345,0.681981981981982,0.6822822822822823
cicids2017,12345,0.6891975308641975,0.6895061728395062
cicids2017,12345,0.6932198236546062,0.6932198236546062
cicids2017,12345,0.6963512677798392,0.6966604823747681
cicids2017,12345,0.6991017964071856,0.6991017964071856
cicids2017,12345,0.697632058287796,0.6979356405585914
cicids2017,12345,0.6993405275779376,0.6993405275779376
cicids2017,12345,0.6822575615840349,0.6822575615840349
cicids2017,12345,0.7018771874005727,0.7018771874005727
cicids2017,1337,0.6353522867737948,0.6353522867737948
cicids2017,1337,0.6289881494986327,0.6289881494986327
cicids2017,1337,0.6347452424800492,0.6347452424800492
cicids2017,1337,0.6253443526170799,0.6253443526170799
cicids2017,1337,0.6308254645141639,0.6308254645141639
cicids2017,1337,0.627007733491969,0.627007733491969
cicids2017,1337,0.6330608537693007,0.6330608537693007
cicids2017,1337,0.6367495451788963,0.6367495451788963
cicids2017,1337,0.6305674191580232,0.6305674191580232
cicids2017,1337,0.6280506641952425,0.6283595922150139
cicids2017,2024,0.6025756214435459,0.6025756214435459
cicids2017,2024,0.6142551238910982,0.6145610278372591
cicids2017,2024,0.6095931997571342,0.6095931997571342
cicids2017,2024,0.5999383096853794,0.5999383096853794
cicids2017,2024,0.6080024067388689,0.6080024067388689
cicids2017,2024,0.6129917657822507,0.6129917657822507
cicids2017,2024,0.5991611743559018,0.5991611743559018
cicids2017,2024,0.6049046321525886,0.6049046321525886
cicids2017,2024,0.6044378698224852,0.6044378698224852
cicids2017,2024,0.6087878787878788,0.6087878787878788
cicids2017,3407,0.6384822228861667,0.6384822228861667
cicids2017,3407,0.6236686390532544,0.6236686390532544
cicids2017,3407,0.6416115453998797,0.6416115453998797
cicids2017,3407,0.6332602568117758,0.6332602568117758
cicids2017,3407,0.6363919129082426,0.6363919129082426
cicids2017,3407,0.6297662976629766,0.6297662976629766
cicids2017,3407,0.6422235363690124,0.6422235363690124
cicids2017,3407,0.6469350961538461,0.6469350961538461
cicids2017,3407,0.6270877619192226,0.6270877619192226
cicids2017,3407,0.6288753799392097,0.6288753799392097
cicids2017,42,0.6140350877192983,0.6140350877192983
cicids2017,42,0.61804108365585,0.61804108365585
cicids2017,42,0.63125575683144,0.63125575683144
cicids2017,42,0.625233644859813,0.625233644859813
cicids2017,42,0.624690594059406,0.624690594059406
cicids2017,42,0.6098144823459006,0.6098144823459006
cicids2017,42,0.6346852300242131,0.6346852300242131
cicids2017,42,0.6228501228501229,0.6228501228501229
cicids2017,42,0.6110260336906586,0.6110260336906586
cicids2017,42,0.6312480352090537,0.6312480352090537
cicids2017,512,0.6781259507149376,0.6781259507149376
cicids2017,512,0.6599820413049985,0.6599820413049985
cicids2017,512,0.6541603630862329,0.6541603630862329
cicids2017,512,0.6625189681335356,0.6625189681335356
cicids2017,512,0.6573816155988857,0.6573816155988857
cicids2017,512,0.6752110977080821,0.6752110977080821
cicids2017,512,0.6695862277257626,0.6695862277257626
cicids2017,512,0.6532404603270745,0.6532404603270745
cicids2017,512,0.6662550169805496,0.6662550169805496
cicids2017,512,0.6715219976218787,0.6715219976218787
cicids2017,6021,0.6153846153846154,0.6153846153846154
cicids2017,6021,0.6275986742994878,0.6275986742994878
cicids2017,6021,0.6266263237518911,0.6275340393343419
cicids2017,6021,0.6195195195195196,0.6195195195195196
cicids2017,6021,0.6258907363420427,0.6258907363420427
cicids2017,6021,0.6238924534066606,0.6238924534066606
cicids2017,6021,0.6185252894576477,0.6185252894576477
cicids2017,6021,0.6266462480857581,0.6266462480857581
cicids2017,6021,0.6213916742631419,0.6213916742631419
cicids2017,6021,0.615775321183149,0.615775321183149
cicids2017,7,0.5864661654135338,0.5864661654135338
cicids2017,7,0.5710382513661202,0.5710382513661202
cicids2017,7,0.5802058111380145,0.5802058111380145
cicids2017,7,0.5740227762388427,0.5740227762388427
cicids2017,7,0.5898366606170599,0.5898366606170599
cicids2017,7,0.5932203389830508,0.5932203389830508
cicids2017,7,0.5858186244674376,0.5858186244674376
cicids2017,7,0.5902819436112777,0.5902819436112777
cicids2017,7,0.5792646172393008,0.5792646172393008
cicids2017,7,0.5808867585380467,0.5808867585380467
cicids2017,88,0.6137518684603886,0.6137518684603886
cicids2017,88,0.6113786875376279,0.6113786875376279
cicids2017,88,0.6187094782340229,0.6187094782340229
cicids2017,88,0.614315916641498,0.614315916641498
cicids2017,88,0.6014256014256014,0.6014256014256014
cicids2017,88,0.6040853109041754,0.6040853109041754
cicids2017,88,0.6014625228519196,0.6014625228519196
cicids2017,88,0.6015554890816632,0.6015554890816632
cicids2017,88,0.6145707376058042,0.6145707376058042
cicids2017,88,0.618122009569378,0.618122009569378
cicids2017,91,0.6411338962605548,0.6411338962605548
cicids2017,91,0.6337018225276367,0.6337018225276367
cicids2017,91,0.6405831597738768,0.6405831597738768
cicids2017,91,0.6361985472154964,0.636501210653753
cicids2017,91,0.6391908212560387,0.6391908212560387
cicids2017,91,0.6386018237082067,0.6389057750759879
cicids2017,91,0.6297912122156435,0.6297912122156435
cicids2017,91,0.6406201550387597,0.6406201550387597
cicids2017,91,0.6354134644943129,0.6354134644943129
cicids2017,91,0.6372426699937617,0.6372426699937617
cicids2017,12345,0.5773755656108597,0.5773755656108597
cicids2017,12345,0.584877011843304,0.584877011843304
cicids2017,12345,0.580373269114991,0.580373269114991
cicids2017,12345,0.5729104919976289,0.5729104919976289
cicids2017,12345,0.5789633222188542,0.579266444377084
cicids2017,12345,0.5843721495895409,0.5846761933718455
cicids2017,12345,0.5774858166616901,0.5777844132576888
cicids2017,12345,0.5931797786419384,0.5931797786419384
cicids2017,12345,0.5833831440526002,0.5833831440526002
cicids2017,12345,0.5898910411622276,0.5898910411622276
cicids2017,1337,0.570392749244713,0.570392749244713
cicids2017,1337,0.5644620542517526,0.5644620542517526
cicids2017,1337,0.5498043936202227,0.5498043936202227
cicids2017,1337,0.5702775290957923,0.5702775290957923
cicids2017,1337,0.5693865396069089,0.5693865396069089
cicids2017,1337,0.56776782957703,0.56776782957703
cicids2017,1337,0.574633562668262,0.574633562668262
cicids2017,1337,0.5675348273773471,0.5675348273773471
cicids2017,1337,0.5778924992408139,0.5778924992408139
cicids2017,1337,0.5772976262933658,0.5772976262933658
cicids2017,2024,0.5725682724762197,0.5725682724762197
cicids2017,2024,0.5714285714285714,0.5714285714285714
cicids2017,2024,0.5710374201399452,0.5710374201399452
cicids2017,2024,0.5660779537149817,0.5660779537149817
cicids2017,2024,0.557469464453492,0.5577826495458816
cicids2017,2024,0.555256064690027,0.5555555555555556
cicids2017,2024,0.5565583634175691,0.5565583634175691
cicids2017,2024,0.5701565858151674,0.5701565858151674
cicids2017,2024,0.5759878419452887,0.5759878419452887
cicids2017,2024,0.5584740462789243,0.5584740462789243
cicids2017,3407,0.4797564687975647,0.4797564687975647
cicids2017,3407,0.4881429011395134,0.4881429011395134
cicids2017,3407,0.4822182037371911,0.4822182037371911
cicids2017,3407,0.488,0.488
cicids2017,3407,0.48113492303048594,0.48113492303048594
cicids2017,3407,0.4929878048780488,0.4929878048780488
cicids2017,3407,0.47123623011015914,0.47123623011015914
cicids2017,3407,0.4843021448554554,0.4843021448554554
cicids2017,3407,0.4832881662149955,0.4832881662149955
cicids2017,3407,0.4939870490286771,0.4939870490286771
cicids2017,42,0.5641181845872677,0.5641181845872677
cicids2017,42,0.5785587714116952,0.5785587714116952
cicids2017,42,0.5739734299516909,0.5739734299516909
cicids2017,42,0.5769801245921091,0.5769801245921091
cicids2017,42,0.5732009925558312,0.5732009925558312
cicids2017,42,0.5661407766990292,0.5664441747572816
cicids2017,42,0.5738872403560831,0.5741839762611276
cicids2017,42,0.5769938650306748,0.5773006134969325
cicids2017,42,0.5823547124360132,0.5823547124360132
cicids2017,42,0.5586609336609336,0.5586609336609336
cicids2017,512,0.5575738916256158,0.5575738916256158
cicids2017,512,0.586600802716888,0.586600802716888
cicids2017,512,0.5707898658718331,0.5707898658718331
cicids2017,512,0.5612275903980553,0.5612275903980553
cicids2017,512,0.5844875346260388,0.5844875346260388
cicids2017,512,0.5714720194647201,0.5714720194647201
cicids2017,512,0.55400060845756,0.55400060845756
cicids2017,512,0.5604297224709042,0.5604297224709042
cicids2017,512,0.5710340595274624,0.5710340595274624
cicids2017,512,0.5596415327564895,0.5596415327564895
cicids2017,6021,0.5877747666365553,0.5877747666365553
cicids2017,6021,0.5703030303030303,0.5703030303030303
cicids2017,6021,0.5788519637462236,0.5788519637462236
cicids2017,6021,0.5840549417736638,0.5840549417736638
cicids2017,6021,0.5899431307991619,0.5899431307991619
cicids2017,6021,0.5791911083667799,0.5791911083667799
cicids2017,6021,0.5783348254252462,0.5783348254252462
cicids2017,6021,0.5880083110715346,0.5880083110715346
cicids2017,6021,0.583283759666865,0.583283759666865
cicids2017,6021,0.5803519061583577,0.5803519061583577
cicids2017,7,0.46403508771929824,0.46403508771929824
cicids2017,7,0.4502087060226595,0.4505068574836017
cicids2017,7,0.44394213381555153,0.44394213381555153
cicids2017,7,0.4639364303178484,0.4639364303178484
cicids2017,7,0.46237864077669905,0.46237864077669905
cicids2017,7,0.45913461538461536,0.45913461538461536
cicids2017,7,0.4526608910891089,0.4526608910891089
cicids2017,7,0.4541380340603526,0.4541380340603526
cicids2017,7,0.46190761847630474,0.46190761847630474
cicids2017,7,0.4678362573099415,0.4678362573099415
cicids2017,88,0.5900452488687783,0.5900452488687783
cicids2017,88,0.568776628119294,0.5690809494826536
cicids2017,88,0.5726283048211509,0.5726283048211509
cicids2017,88,0.5841438255231358,0.5841438255231358
cicids2017,88,0.5954642966595158,0.5954642966595158
cicids2017,88,0.5878750765462339,0.5878750765462339
cicids2017,88,0.5741467834491091,0.5741467834491091
cicids2017,88,0.5965391621129326,0.5965391621129326
cicids2017,88,0.5799940635203324,0.5799940635203324
cicids2017,88,0.5729008790542589,0.5729008790542589
cicids2017,91,0.5570860116314662,0.5570860116314662
cicids2017,91,0.5858708891595615,0.5858708891595615
cicids2017,91,0.5599161174355902,0.5599161174355902
cicids2017,91,0.584,0.584
cicids2017,91,0.5916944528645044,0.5916944528645044
cicids2017,91,0.5583407937928977,0.5583407937928977
cicids2017,91,0.5577771243751838,0.5577771243751838
cicids2017,91,0.5549925484351714,0.5549925484351714
cicids2017,91,0.5765654060756354,0.5765654060756354
cicids2017,91,0.5700734394124847,0.5700734394124847
cicids2017,12345,0.7312024353120243,0.7312024353120243
cicids2017,12345,0.727810650887574,0.7281065088757397
cicids2017,12345,0.7215112736136502,0.7215112736136502
cicids2017,12345,0.7161637287122796,0.7161637287122796
cicids2017,12345,0.7139053254437869,0.7142011834319527
cicids2017,12345,0.71580547112462,0.71580547112462
cicids2017,12345,0.7313925570228091,0.7313925570228091
cicids2017,12345,0.7225225225225225,0.7225225225225225
cicids2017,12345,0.7240960194469767,0.7243998784563962
cicids2017,12345,0.7150651712640194,0.7150651712640194
cicids2017,1337,0.7190839694656489,0.7190839694656489
cicids2017,1337,0.721445929526124,0.721445929526124
cicids2017,1337,0.7216399506781751,0.7216399506781751
cicids2017,1337,0.721537999399219,0.721537999399219
cicids2017,1337,0.7182183730281473,0.7191463037426539
cicids2017,1337,0.7170212765957447,0.7170212765957447
cicids2017,1337,0.7341075794621027,0.7344132029339854
cicids2017,1337,0.7311664641555286,0.7311664641555286
cicids2017,1337,0.7221189591078067,0.7224287484510533
cicids2017,1337,0.724009900990099,0.724319306930693
cicids2017,2024,0.7231585518102372,0.7231585518102372
cicids2017,2024,0.7331230283911672,0.7331230283911672
cicids2017,2024,0.7229991074085094,0.7229991074085094
cicids2017,2024,0.7227094042939219,0.7227094042939219
cicids2017,2024,0.7098269468479604,0.7101359703337453
cicids2017,2024,0.7204876598275349,0.7204876598275349
cicids2017,2024,0.7141997593261131,0.7141997593261131
cicids2017,2024,0.7243357487922706,0.7243357487922706
cicids2017,2024,0.719125346473668,0.719125346473668
cicids2017,2024,0.7169352386743691,0.7172392824566738
cicids2017,3407,0.7126682986536108,0.7129742962056304
cicids2017,3407,0.7170506912442396,0.7170506912442396
cicids2017,3407,0.7313935681470137,0.7313935681470137
cicids2017,3407,0.7248282043621154,0.7248282043621154
cicids2017,3407,0.727218045112782,0.727218045112782
cicids2017,3407,0.7111111111111111,0.7111111111111111
cicids2017,3407,0.7282067247820673,0.7282067247820673
cicids2017,3407,0.7278952069068175,0.7278952069068175
cicids2017,3407,0.7212765957446808,0.721580547112462
cicids2017,3407,0.7358199753390875,0.7358199753390875
cicids2017,42,0.7168437025796661,0.7168437025796661
cicids2017,42,0.7247087676272226,0.7247087676272226
cicids2017,42,0.7223407497714112,0.7223407497714112
cicids2017,42,0.7301587301587301,0.7301587301587301
cicids2017,42,0.7215422276621787,0.7215422276621787
cicids2017,42,0.7151496824916843,0.7151496824916843
cicids2017,42,0.7275179856115108,0.7275179856115108
cicids2017,42,0.712874251497006,0.712874251497006
cicids2017,42,0.7296416938110749,0.7299378146283684
cicids2017,42,0.7326219512195122,0.7326219512195122
cicids2017,512,0.7107992678462477,0.7107992678462477
cicids2017,512,0.720366538575229,0.720366538575229
cicids2017,512,0.7182286927509858,0.7182286927509858
cicids2017,512,0.7128562765312311,0.7128562765312311
cicids2017,512,0.724418955629339,0.724418955629339
cicids2017,512,0.7146261543044384,0.7146261543044384
cicids2017,512,0.7293233082706767,0.7293233082706767
cicids2017,512,0.718458295694068,0.7187594098163204
cicids2017,512,0.7206551410373067,0.7206551410373067
cicids2017,512,0.7369545315837657,0.7369545315837657
cicids2017,6021,0.7146240378922439,0.7146240378922439
cicids2017,6021,0.7220873786407767,0.7220873786407767
cicids2017,6021,0.7150971599402093,0.7150971599402093
cicids2017,6021,0.7183313032886723,0.7183313032886723
cicids2017,6021,0.7282188522152839,0.7282188522152839
cicids2017,6021,0.7125409591897528,0.7125409591897528
cicids2017,6021,0.7225903614457831,0.7225903614457831
cicids2017,6021,0.7257371007371007,0.7257371007371007
cicids2017,6021,0.7309815950920245,0.7309815950920245
cicids2017,6021,0.7116898849182314,0.7116898849182314
cicids2017,7,0.7262012692656392,0.7262012692656392
cicids2017,7,0.724,0.724
cicids2017,7,0.7262450351359608,0.7262450351359608
cicids2017,7,0.7321755027422303,0.7321755027422303
cicids2017,7,0.7266032525314514,0.7266032525314514
cicids2017,7,0.7120481927710843,0.7120481927710843
cicids2017,7,0.726546315477952,0.726546315477952
cicids2017,7,0.7270168855534709,0.7270168855534709
cicids2017,7,0.7104397247980856,0.71073885731379
cicids2017,7,0.7241588360109124,0.7253713246438315
cicids2017,88,0.7212617531088868,0.7212617531088868
cicids2017,88,0.7166666666666667,0.7166666666666667
cicids2017,88,0.7220835932626326,0.7220835932626326
cicids2017,88,0.7152798789712557,0.7152798789712557
cicids2017,88,0.7204396910279264,0.720736779560309
cicids2017,88,0.7126888217522659,0.7126888217522659
cicids2017,88,0.7218159658744668,0.7218159658744668
cicids2017,88,0.7146386658431131,0.7146386658431131
cicids2017,88,0.7247592420006214,0.7250698974836906
cicids2017,88,0.7290342113230397,0.7290342113230397
cicids2017,91,0.71163215590743,0.71163215590743
cicids2017,91,0.7178247734138973,0.7178247734138973
cicids2017,91,0.7200119653006282,0.7203110978163326
cicids2017,91,0.7219135802469135,0.7219135802469135
cicids2017,91,0.716789667896679,0.716789667896679
cicids2017,91,0.7182587666263603,0.7182587666263603
cicids2017,91,0.7177322074788902,0.7177322074788902
cicids2017,91,0.7179099969797644,0.7179099969797644
cicids2017,91,0.7152357920193471,0.7152357920193471
cicids2017,91,0.7258745476477684,0.7258745476477684
ugr16,12345,0.9407172158263861,0.9408495434696308
ugr16,12345,0.9426911395748052,0.9432193318367886
ugr16,12345,0.9412634408602151,0.9412634408602151
ugr16,12345,0.9451638477801269,0.9452959830866807
ugr16,12345,0.9405636436489916,0.9405636436489916
ugr16,12345,0.9485676215856096,0.9488341105929381
ugr16,12345,0.9455166075882894,0.9455166075882894
ugr16,12345,0.9367473865290459,0.9367473865290459
ugr16,12345,0.9476425804728196,0.9479097101642847
ugr16,12345,0.9462236455831332,0.9462236455831332
ugr16,1337,0.9311719372840819,0.9313048099920276
ugr16,1337,0.9478090255068672,0.9480706344015697
ugr16,1337,0.9447182629545757,0.9448514719595045
ugr16,1337,0.9417780201799837,0.9417780201799837
ugr16,1337,0.9393453573814295,0.9396125584502338
ugr16,1337,0.9406337745687926,0.9406337745687926
ugr16,1337,0.9449163790814972,0.9451818423148394
ugr16,1337,0.9441898085737396,0.9443246157994069
ugr16,1337,0.9446955596915714,0.9446955596915714
ugr16,1337,0.946033024567056,0.946033024567056
ugr16,2024,0.9394059931052771,0.9398037655794219
ugr16,2024,0.9414693218514532,0.9416038751345532
ugr16,2024,0.9412944637603637,0.9412944637603637
ugr16,2024,0.9408695652173913,0.9408695652173913
ugr16,2024,0.9381660307854229,0.9382975924220497
ugr16,2024,0.9421919958148052,0.9421919958148052
ugr16,2024,0.9429139072847682,0.9431788079470199
ugr16,2024,0.9402406417112299,0.9405080213903744
ugr16,2024,0.9362869763083924,0.9362869763083924
ugr16,2024,0.9435623749166111,0.9435623749166111
ugr16,3407,0.9449685534591195,0.9449685534591195
ugr16,3407,0.9427521008403361,0.9427521008403361
ugr16,3407,0.9386192754613807,0.9386192754613807
ugr16,3407,0.9488935721812434,0.9488935721812434
ugr16,3407,0.9433987100171121,0.943530340924049
ugr16,3407,0.9358904852263487,0.9358904852263487
ugr16,3407,0.9352980576021434,0.9354320160750167
ugr16,3407,0.9443428272798536,0.9446041285602299
ugr16,3407,0.9365143009890403,0.9367816091954023
ugr16,3407,0.9440785051754268,0.9440785051754268
ugr16,42,0.9391527253103076,0.9391527253103076
ugr16,42,0.9431803060545576,0.9434464404524284
ugr16,42,0.9438912809472552,0.9440258342303552
ugr16,42,0.9375491996851221,0.9375491996851221
ugr16,42,0.9472292024864436,0.9474937177622008
ugr16,42,0.9432261536391766,0.9433606888201265
ugr16,42,0.9443315725314912,0.9443315725314912
ugr16,42,0.9479936642027456,0.9489176346356917
ugr16,42,0.9432996632996633,0.9434343434343434
ugr16,42,0.9435281699432643,0.9440559440559441
ugr16,512,0.9422348484848485,0.9422348484848485
ugr16,512,0.9418511603094158,0.9418511603094158
ugr16,512,0.9427654453062316,0.9428991709013105
ugr16,512,0.9416424610509638,0.9419065223131766
ugr16,512,0.9403991013611736,0.9403991013611736
ugr16,512,0.9432155381710278,0.9432155381710278
ugr16,512,0.9469626478798352,0.9470955735743719
ugr16,512,0.9477272727272728,0.9485294117647058
ugr16,512,0.941371534686298,0.941371534686298
ugr16,512,0.9434869739478958,0.9434869739478958
ugr16,6021,0.9444146079484426,0.9444146079484426
ugr16,6021,0.9441866631313801,0.9443192363780989
ugr16,6021,0.9487556863794487,0.9487556863794487
ugr16,6021,0.941952861952862,0.9423569023569024
ugr16,6021,0.9407991447280503,0.9409327809701992
ugr16,6021,0.939556031024338,0.939556031024338
ugr16,6021,0.9460816704109951,0.9466102814853972
ugr16,6021,0.9467984296737512,0.9469338026262353
ugr16,6021,0.9394424436441243,0.9394424436441243
ugr16,6021,0.9449216087252897,0.9449216087252897
ugr16,7,0.9477601840573826,0.9478955203681148
ugr16,7,0.9514036016949152,0.9514036016949152
ugr16,7,0.941674381695543,0.941674381695543
ugr16,7,0.9348201247842824,0.9354838709677419
ugr16,7,0.9347009922231161,0.9347009922231161
ugr16,7,0.948239060832444,0.948239060832444
ugr16,7,0.9500339443312966,0.9500339443312966
ugr16,7,0.9439563365282215,0.9439563365282215
ugr16,7,0.9406453326251494,0.9406453326251494
ugr16,7,0.9454857444561774,0.9456177402323126
ugr16,88,0.9387588459444747,0.9387588459444747
ugr16,88,0.9472766299973169,0.9474107861550846
ugr16,88,0.9461763922195577,0.946576072475353
ugr16,88,0.9415235348105415,0.9417857611118395
ugr16,88,0.9441979292725562,0.9443323920935861
ugr16,88,0.9436526788070732,0.9439166006861969
ugr16,88,0.9422294548413345,0.9422294548413345
ugr16,88,0.9522556885439958,0.952650269630409
ugr16,88,0.9424217907227616,0.9424217907227616
ugr16,88,0.9462698626447617,0.9462698626447617
ugr16,91,0.9489457631613845,0.9490783715687574
ugr16,91,0.9412861136999068,0.9422180801491147
ugr16,91,0.9456004351965184,0.9462804297565619
ugr16,91,0.9430169085341499,0.9432831846624951
ugr16,91,0.9447852760736196,0.9453187516671112
ugr16,91,0.9472207375734901,0.9472207375734901
ugr16,91,0.9366786140979689,0.9369441125713527
ugr16,91,0.942217455422979,0.9427537203378469
ugr16,91,0.9423634924821946,0.9423634924821946
ugr16,91,0.9417718191377498,0.9421661409043113
ugr16,12345,0.952101400933956,0.952101400933956
ugr16,12345,0.9526627218934911,0.9526627218934911
ugr16,12345,0.9470413401783302,0.9471764388003242
ugr16,12345,0.9438885884261763,0.9438885884261763
ugr16,12345,0.9534664148907472,0.9536012948475856
ugr16,12345,0.9465709728867624,0.9472355130249868
ugr16,12345,0.9513673716826081,0.9519062373703354
ugr16,12345,0.9407903374031771,0.9409216226860969
ugr16,12345,0.9438686229640597,0.9438686229640597
ugr16,12345,0.9424189425534777,0.9426880129153774
ugr16,1337,0.9453860640301318,0.9453860640301318
ugr16,1337,0.9475670575549265,0.9475670575549265
ugr16,1337,0.9484824281150159,0.9484824281150159
ugr16,1337,0.9524192467497654,0.9528213376223026
ugr16,1337,0.9458068012464436,0.9460777672402113
ugr16,1337,0.9538216560509554,0.9538216560509554
ugr16,1337,0.9501936173053812,0.9504606756576311
ugr16,1337,0.9484453893170343,0.9484453893170343
ugr16,1337,0.9493050959629384,0.9494374586366645
ugr16,1337,0.9504510569543557,0.9505857008213275
ugr16,2024,0.9533473906167633,0.9536109646810754
ugr16,2024,0.9493044408774746,0.9493044408774746
ugr16,2024,0.9407140953903543,0.9411137756461497
ugr16,2024,0.9460503530038631,0.9461835620087918
ugr16,2024,0.9452670544685352,0.9452670544685352
ugr16,2024,0.950348899624262,0.951154052603328
ugr16,2024,0.9463369722477969,0.9463369722477969
ugr16,2024,0.948769128409847,0.948769128409847
ugr16,2024,0.9502461088200079,0.9503791406146069
ugr16,2024,0.9459206836693818,0.9461877420216317
ugr16,3407,0.9516532736134896,0.9516532736134896
ugr16,3407,0.9524252491694352,0.9525581395348838
ugr16,3407,0.9481973187556944,0.9481973187556944
ugr16,3407,0.9499205087440381,0.9500529941706413
ugr16,3407,0.9463621879978757,0.9464949548592672
ugr16,3407,0.9501178318931658,0.9502487562189055
ugr16,3407,0.9528251599147122,0.9528251599147122
ugr16,3407,0.9544717643880033,0.9544717643880033
ugr16,3407,0.950116167828345,0.950252835861692
ugr16,3407,0.9470843754113466,0.9470843754113466
ugr16,42,0.9518391108758931,0.9518391108758931
ugr16,42,0.9508771929824561,0.9512820512820512
ugr16,42,0.9461579367189578,0.9464238234512098
ugr16,42,0.9470083176817816,0.9471424738395492
ugr16,42,0.9424140256237357,0.9424140256237357
ugr16,42,0.9494748038824624,0.949607764924877
ugr16,42,0.9507107745449714,0.9507107745449714
ugr16,42,0.9498884953430408,0.9501508592417683
ugr16,42,0.9450033534540577,0.9452716297786721
ugr16,42,0.9496872088380142,0.9498203114601358
ugr16,512,0.9535825124814465,0.9535825124814465
ugr16,512,0.9507488867899069,0.9510187559033868
ugr16,512,0.951239333604226,0.9513747798997697
ugr16,512,0.9488136496934151,0.9488136496934151
ugr16,512,0.9483870967741935,0.9491770901909151
ugr16,512,0.9478609625668449,0.9478609625668449
ugr16,512,0.9468933943754088,0.9474166121648137
ugr16,512,0.9518895738407933,0.9518895738407933
ugr16,512,0.9509711989283323,0.9509711989283323
ugr16,512,0.9520235861699277,0.9520235861699277
ugr16,6021,0.9469281045751634,0.9470588235294117
ugr16,6021,0.9450300200133422,0.9452968645763843
ugr16,6021,0.9483923263982708,0.9486625236422589
ugr16,6021,0.949468085106383,0.949468085106383
ugr16,6021,0.9494307651575324,0.9499602859412232
ugr16,6021,0.948780159051085,0.9489149481062138
ugr16,6021,0.9445560466050623,0.9445560466050623
ugr16,6021,0.9497575431034483,0.9508351293103449
ugr16,6021,0.9513991163475699,0.9516668898112197
ugr16,6021,0.9484184276151726,0.9485496784354902
ugr16,7,0.9491117937758782,0.9492453586216107
ugr16,7,0.9441898085737396,0.9443246157994069
ugr16,7,0.9497975708502024,0.9508771929824561
ugr16,7,0.9476675036342012,0.9476675036342012
ugr16,7,0.9552139037433155,0.9552139037433155
ugr16,7,0.9504187159377908,0.9504187159377908
ugr16,7,0.9446227929373997,0.9447565543071161
ugr16,7,0.9483542948889484,0.9484880920524484
ugr16,7,0.9381387842926304,0.9384077461000538
ugr16,7,0.9475353508656006,0.9476675036342012
ugr16,88,0.9502268481451828,0.9502268481451828
ugr16,88,0.9478191062349478,0.9480867005619481
ugr16,88,0.9518478554086862,0.9518478554086862
ugr16,88,0.9483931190825443,0.9483931190825443
ugr16,88,0.9506985491671145,0.9508328855454057
ugr16,88,0.9489823245848955,0.9489823245848955
ugr16,88,0.9469240048250904,0.9470580351159362
ugr16,88,0.9448405758105745,0.9449751109915243
ugr16,88,0.9461383478844863,0.9464069845533916
ugr16,88,0.9474316210807204,0.9474316210807204
ugr16,91,0.9481571486431754,0.9481571486431754
ugr16,91,0.9512097846317469,0.9512097846317469
ugr16,91,0.9504660452729694,0.9508655126498002
ugr16,91,0.9494827354561333,0.9494827354561333
ugr16,91,0.9556205155461068,0.9556205155461068
ugr16,91,0.9501803125417391,0.9504474422332042
ugr16,91,0.9573757349011224,0.9573757349011224
ugr16,91,0.9537792994469317,0.9537792994469317
ugr16,91,0.9474589730015881,0.9477236633139227
ugr16,91,0.9502311667119935,0.9502311667119935
ugr16,12345,0.9508697384145531,0.9515336608684106
ugr16,12345,0.9442310239766857,0.9443634918532255
ugr16,12345,0.9496997998665777,0.9496997998665777
ugr16,12345,0.9561078794288737,0.9563722897937599
ugr16,12345,0.9510707508809976,0.9512062889671998
ugr16,12345,0.941325510068009,0.941325510068009
ugr16,12345,0.9510555331450854,0.9510555331450854
ugr16,12345,0.9504296100462657,0.9506939854593522
ugr16,12345,0.9465597862391449,0.9466933867735471
ugr16,12345,0.9516498316498316,0.9517845117845117
ugr16,1337,0.9492017416545718,0.9494656287109118
ugr16,1337,0.9493854896260077,0.9493854896260077
ugr16,1337,0.9519048905701162,0.9519048905701162
ugr16,1337,0.9470181043663471,0.9471512247071352
ugr16,1337,0.9458783249934158,0.9460100079009744
ugr16,1337,0.9483438485804416,0.9484752891692955
ugr16,1337,0.9535859446702504,0.9535859446702504
ugr16,1337,0.9504819754390598,0.9510101677010432
ugr16,1337,0.9499536607970342,0.9500860585197934
ugr16,1337,0.9484536082474226,0.9489891551747222
ugr16,2024,0.9454397394136808,0.9462540716612378
ugr16,2024,0.9507362784471218,0.9507362784471218
ugr16,2024,0.9517595887702649,0.9517595887702649
ugr16,2024,0.945554971067859,0.945554971067859
ugr16,2024,0.9513434032883304,0.9513434032883304
ugr16,2024,0.9487006866837215,0.9488353305506935
ugr16,2024,0.9499008592200925,0.9499008592200925
ugr16,2024,0.952644769819285,0.952644769819285
ugr16,2024,0.9470409108963326,0.947305706341851
ugr16,2024,0.9530685920577617,0.953336007487632
ugr16,3407,0.9501536816784713,0.95028731792062
ugr16,3407,0.9512195121951219,0.9512195121951219
ugr16,3407,0.9479307546659453,0.9479307546659453
ugr16,3407,0.9561200923787528,0.9562559434859395
ugr16,3407,0.953125,0.953125
ugr16,3407,0.946476241324079,0.9472770955686065
ugr16,3407,0.9579887094656689,0.9579887094656689
ugr16,3407,0.9485943775100402,0.9488621151271753
ugr16,3407,0.9517045454545454,0.9519751082251082
ugr16,3407,0.9466879914700786,0.9466879914700786
ugr16,42,0.9470704410796577,0.9470704410796577
ugr16,42,0.9535037753344814,0.9536362432110214
ugr16,42,0.9490164592533119,0.9491502743208885
ugr16,42,0.9473050688778922,0.9475725558379029
ugr16,42,0.9465903036760789,0.946723494938732
ugr16,42,0.9523809523809523,0.9525128611001187
ugr16,42,0.9490206600482962,0.9494231285215992
ugr16,42,0.9522928505352187,0.9522928505352187
ugr16,42,0.9469889170783816,0.9471224462545066
ugr16,42,0.951063829787234,0.951063829787234
ugr16,512,0.9485148514851485,0.9487788778877888
ugr16,512,0.9482098934135009,0.9482098934135009
ugr16,512,0.9490962254120149,0.9492291334396598
ugr16,512,0.9504587155963303,0.9504587155963303
ugr16,512,0.9516107649476335,0.9516107649476335
ugr16,512,0.947680690399137,0.9480852211434736
ugr16,512,0.9521733386180473,0.9523054564671687
ugr16,512,0.9468754181720862,0.9468754181720862
ugr16,512,0.9464526571351497,0.9464526571351497
ugr16,512,0.9544617004474861,0.9544617004474861
ugr16,6021,0.9558372248165443,0.9558372248165443
ugr16,6021,0.9486432825943084,0.9486432825943084
ugr16,6021,0.9484824281150159,0.9484824281150159
ugr16,6021,0.9485569214323891,0.948690539818279
ugr16,6021,0.9508635694202705,0.9508635694202705
ugr16,6021,0.9464028305595596,0.9464028305595596
ugr16,6021,0.9499348109517601,0.9500651890482399
ugr16,6021,0.9434776743558613,0.9436125725077567
ugr16,6021,0.947129909365559,0.9472672342762977
ugr16,6021,0.9525759577278732,0.9529722589167767
ugr16,7,0.9465162574651625,0.9466489714664897
ugr16,7,0.9520245890685554,0.9520245890685554
ugr16,7,0.9515119222059412,0.9517783402157985
ugr16,7,0.9531892321973213,0.9535870574194404
ugr16,7,0.9438383838383838,0.9438383838383838
ugr16,7,0.949710125387623,0.949710125387623
ugr16,7,0.9527432919503404,0.9530102790014684
ugr16,7,0.951638689048761,0.951638689048761
ugr16,7,0.9457806767223808,0.9457806767223808
ugr16,7,0.9456726880560798,0.9460771097330817
ugr16,88,0.9564584436209634,0.9564584436209634
ugr16,88,0.9496635262449529,0.9499327052489905
ugr16,88,0.9478914853612678,0.9480257856567285
ugr16,88,0.9491904699223378,0.9493221008292747
ugr16,88,0.9463254593175853,0.9463254593175853
ugr16,88,0.9483819202995454,0.9483819202995454
ugr16,88,0.9508785942492013,0.9508785942492013
ugr16,88,0.9548141337186392,0.9548141337186392
ugr16,88,0.9505523408732246,0.9505523408732246
ugr16,88,0.9508174930214011,0.9510833444104746
ugr16,91,0.9477482293197915,0.9477482293197915
ugr16,91,0.9500730314699243,0.9502058159606958
ugr16,91,0.9494127068873465,0.9498131340096102
ugr16,91,0.9481569875364625,0.9482895783611774
ugr16,91,0.9459172852598091,0.9465800636267232
ugr16,91,0.9494210035937708,0.9496872088380142
ugr16,91,0.9453104004299919,0.9454447729105079
ugr16,91,0.9508417508417508,0.9508417508417508
ugr16,91,0.947396744248621,0.9476658146105207
ugr16,91,0.9438020973379941,0.9442054315676257
